resnum,nativeAA,mutAA,provean_score,PREDICTION_provean,SIFT_score,PREDICTION_sift
2,A,T,-2.2,Neutral,0.001,Damaging
29,A,V,-3.45,Deleterious,0.02,Damaging
110,A,T,-3.54,Deleterious,0.001,Damaging
124,A,D,-5.23,Deleterious,0,Damaging
149,A,V,-1.04,Neutral,0.032,Damaging
178,A,G,-3.85,Deleterious,0.001,Damaging
185,A,T,-0.6,Neutral,0.103,Tolerated
185,A,V,-1.71,Neutral,0.049,Damaging
204,A,V,-3.87,Deleterious,0,Damaging
226,A,D,-5.79,Deleterious,0,Damaging
226,A,V,-3.75,Deleterious,0.03,Damaging
242,A,D,-5.86,Deleterious,0,Damaging
286,A,S,-0.03,Neutral,0.935,Tolerated
332,A,T,-3.13,Deleterious,0.045,Damaging
385,A,T,-2.96,Deleterious,0.001,Damaging
410,A,W,-6.87,Deleterious,0,Damaging
413,A,E,-4.11,Deleterious,0,Damaging
413,A,T,-2.14,Neutral,0.226,Tolerated
425,A,T,-1.53,Neutral,0.021,Damaging
447,A,G,-2.47,Neutral,0.235,Tolerated
551,A,E,-1.32,Neutral,0.081,Tolerated
551,A,T,-0.54,Neutral,0.35,Tolerated
551,A,V,-0.06,Neutral,0.952,Tolerated
572,A,D,-0.35,Neutral,0.426,Tolerated
572,A,F,-0.56,Neutral,0.05,Damaging
572,A,S,0.64,Neutral,0.991,Tolerated
572,A,V,-0.37,Neutral,0.3,Tolerated
586,A,T,-0.09,Neutral,0.314,Tolerated
647,A,D,-0.29,Neutral,0.226,Tolerated
662,A,S,-2.61,Deleterious,0.05,Damaging
665,A,S,-1.55,Neutral,0.045,Damaging
665,A,T,-1.06,Neutral,0.137,Tolerated
672,A,T,1.47,Neutral,1,Tolerated
691,A,T,-3.52,Deleterious,0.041,Damaging
735,A,E,-4.62,Deleterious,0,Damaging
735,A,T,-3.67,Deleterious,0.039,Damaging
735,A,V,-3.77,Deleterious,0.001,Damaging
993,A,T,-0.09,Neutral,0.575,Tolerated
997,A,D,-0.12,Neutral,0.387,Tolerated
997,A,S,-0.42,Neutral,0.594,Tolerated
997,A,T,-0.57,Neutral,0.549,Tolerated
1100,A,V,-0.41,Neutral,0.151,Tolerated
1106,A,S,0.2,Neutral,0.851,Tolerated
1113,A,V,0.45,Neutral,0.323,Tolerated
1148,A,T,-1.47,Neutral,0.114,Tolerated
1180,A,V,-1.17,Neutral,0.061,Tolerated
1186,A,T,-1.22,Neutral,0.031,Damaging
1221,A,V,-3.69,Deleterious,0.012,Damaging
1260,A,D,-5.67,Deleterious,0,Damaging
1270,A,S,-2.75,Deleterious,0.001,Damaging
1288,A,G,-3.3,Deleterious,0.017,Damaging
1326,A,S,-2.92,Deleterious,0,Damaging
1330,A,D,-5.85,Deleterious,0,Damaging
1330,A,P,-4.87,Deleterious,0,Damaging
1330,A,T,-3.9,Deleterious,0,Damaging
1357,A,V,-3.86,Deleterious,0,Damaging
1416,A,E,-4.77,Deleterious,0,Damaging
1416,A,G,-3.82,Deleterious,0.001,Damaging
1427,A,S,-2.85,Deleterious,0.002,Damaging
1428,A,S,-2.85,Deleterious,0,Damaging
1428,A,V,-3.8,Deleterious,0,Damaging
1569,A,P,-2.73,Deleterious,0.004,Damaging
1649,A,V,-3.73,Deleterious,0,Damaging
1656,A,V,-3.67,Deleterious,0.022,Damaging
1680,A,T,-3.44,Deleterious,0.001,Damaging
1698,A,T,-2.43,Neutral,0.002,Damaging
1746,A,T,-1.16,Neutral,0.044,Damaging
1870,A,D,-3.72,Deleterious,0.005,Damaging
1870,A,T,-1.58,Neutral,0.166,Tolerated
1924,A,T,-1.23,Neutral,0.056,Tolerated
1932,A,V,-1.19,Neutral,0.151,Tolerated
1949,A,S,-1.36,Neutral,0.08,Tolerated
1983,A,G,-0.16,Neutral,0.429,Tolerated
1052,A,D,-1.96,Neutral,0.001,Damaging
505,A,E,0.4,Neutral,0.021,Damaging
1427,A,E,-4.75,Deleterious,0,Damaging
1125,A,G,-1.04,Neutral,0.03,Damaging
1294,A,G,-1.37,Neutral,0.002,Damaging
123,A,G,-2.85,Deleterious,0.061,Tolerated
964,A,G,-1.62,Neutral,0.572,Tolerated
226,A,G,-3.88,Deleterious,0.002,Damaging
586,A,G,-0.72,Neutral,0.163,Tolerated
1680,A,P,-3.58,Deleterious,0.081,Tolerated
60,A,P,-4.38,Deleterious,0.001,Damaging
425,A,P,-2.01,Neutral,0.028,Damaging
1148,A,S,-0.66,Neutral,0.211,Tolerated
1828,A,S,-1.2,Neutral,0.059,Tolerated
647,A,S,-0.02,Neutral,0.422,Tolerated
1581,A,S,-0.77,Neutral,0.596,Tolerated
23,A,S,-1.42,Neutral,0.05,Damaging
1006,A,S,0.36,Neutral,0.941,Tolerated
993,A,S,-0.18,Neutral,0.734,Tolerated
691,A,S,-2.33,Neutral,0.047,Damaging
672,A,S,-0.67,Neutral,0.003,Damaging
344,A,S,-2.04,Neutral,0.005,Damaging
447,A,S,-1.42,Neutral,0.43,Tolerated
1125,A,T,-0.76,Neutral,0.043,Damaging
1106,A,T,-0.26,Neutral,0.43,Tolerated
1102,A,T,0.08,Neutral,0.439,Tolerated
1100,A,T,-0.32,Neutral,0.366,Tolerated
1828,A,T,-1.62,Neutral,0.02,Damaging
1820,A,T,-1.39,Neutral,0.397,Tolerated
166,A,T,-2.26,Neutral,0.006,Damaging
1113,A,T,-0.37,Neutral,0.532,Tolerated
1088,A,T,-0.16,Neutral,0.617,Tolerated
2002,A,T,-1.01,Neutral,0.108,Tolerated
1949,A,T,-1.29,Neutral,0.332,Tolerated
415,A,T,-3.92,Deleterious,0,Damaging
359,A,T,-1.53,Neutral,0.018,Damaging
204,A,T,-3.87,Deleterious,0,Damaging
1050,A,T,-3.81,Deleterious,0.038,Damaging
996,A,T,-0.16,Neutral,0.591,Tolerated
994,A,T,-0.26,Neutral,0.093,Tolerated
1125,A,V,-0.47,Neutral,0.299,Tolerated
1121,A,V,-0.37,Neutral,0.528,Tolerated
1820,A,V,-2.76,Deleterious,0.002,Damaging
123,A,V,0.92,Neutral,0.169,Tolerated
51,A,V,-1.66,Neutral,0.078,Tolerated
1088,A,V,-0.38,Neutral,0.271,Tolerated
1983,A,V,-1.87,Neutral,0.01,Damaging
647,A,V,-0.55,Neutral,0.514,Tolerated
1746,A,V,-2.99,Deleterious,0.013,Damaging
410,A,V,-3.92,Deleterious,0,Damaging
286,A,V,-0.28,Neutral,0.649,Tolerated
994,A,V,-0.33,Neutral,0.085,Tolerated
658,A,V,-1.45,Neutral,0.349,Tolerated
437,A,V,-0.73,Neutral,0.048,Damaging
265,A,V,-3.9,Deleterious,0,Damaging
22,A,V,-3.11,Deleterious,0.077,Tolerated
182,C,R,-11.49,Deleterious,0,Damaging
280,C,Y,-10.65,Deleterious,0,Damaging
335,C,R,-11.77,Deleterious,0,Damaging
335,C,S,-9.81,Deleterious,0,Damaging
341,C,Y,-10.79,Deleterious,0,Damaging
373,C,F,2.33,Neutral,0.458,Tolerated
373,C,Y,3.07,Neutral,1,Tolerated
683,C,G,-11.39,Deleterious,0.001,Damaging
683,C,R,-11.42,Deleterious,0,Damaging
896,C,S,-9.53,Deleterious,0,Damaging
915,C,R,-10.92,Deleterious,0,Damaging
981,C,A,-2.01,Neutral,0.098,Tolerated
981,C,F,-1.08,Neutral,0.334,Tolerated
982,C,R,-0.54,Neutral,0.355,Tolerated
1004,C,R,-3.86,Deleterious,0.039,Damaging
1363,C,Y,-10.72,Deleterious,0,Damaging
1728,C,R,-10.79,Deleterious,0,Damaging
1728,C,W,-10.02,Deleterious,0,Damaging
1728,C,Y,-9.96,Deleterious,0,Damaging
1850,C,S,-9.23,Deleterious,0,Damaging
1539,C,F,-9.39,Deleterious,0,Damaging
686,C,F,-9.7,Deleterious,0.014,Damaging
597,C,G,-8.14,Deleterious,0.007,Damaging
649,C,R,-0.99,Neutral,0.033,Damaging
1575,C,S,-7.55,Deleterious,0.001,Damaging
683,C,S,-9.52,Deleterious,0,Damaging
1167,C,Y,-10.66,Deleterious,0,Damaging
1136,C,Y,-0.42,Neutral,0.66,Tolerated
1539,C,Y,-9.45,Deleterious,0,Damaging
1384,C,Y,-10.47,Deleterious,0,Damaging
649,C,Y,-0.52,Neutral,0.092,Tolerated
182,C,Y,-10.54,Deleterious,0,Damaging
597,C,Y,-7.41,Deleterious,0.002,Damaging
84,D,N,-4.55,Deleterious,0,Damaging
349,D,N,0.39,Neutral,1,Tolerated
356,D,N,-4.91,Deleterious,0,Damaging
501,D,G,-4.18,Deleterious,0.058,Tolerated
536,D,H,-5.13,Deleterious,0.001,Damaging
546,D,G,-5.78,Deleterious,0.001,Damaging
596,D,G,-4.75,Deleterious,0.041,Damaging
,,,,,,
772,D,N,-4.44,Deleterious,0.002,Damaging
785,D,N,-4.95,Deleterious,0,Damaging
870,D,H,0.22,Neutral,0.142,Tolerated
1041,D,N,0.91,Neutral,1,Tolerated
1055,D,G,-4.26,Deleterious,0.001,Damaging
1114,D,E,-0.71,Neutral,0.088,Tolerated
1114,D,N,0.66,Neutral,0.232,Tolerated
1163,D,E,0.59,Neutral,1,Tolerated
1166,D,N,-1.83,Neutral,0.343,Tolerated
1243,D,N,-4.89,Deleterious,0,Damaging
1275,D,N,-4.87,Deleterious,0,Damaging
1430,D,N,-4.74,Deleterious,0,Damaging
1595,D,H,-6.25,Deleterious,0,Damaging
1595,D,N,-4.46,Deleterious,0.001,Damaging
1690,D,N,-4.79,Deleterious,0.023,Damaging
1714,D,G,-5.95,Deleterious,0.002,Damaging
1741,D,Y,-6.66,Deleterious,0,Damaging
1790,D,G,-6.47,Deleterious,0,Damaging
1790,D,N,-4.62,Deleterious,0,Damaging
1792,D,N,-2.95,Deleterious,0.001,Damaging
1819,D,N,-2.9,Deleterious,0.01,Damaging
1839,D,G,-6.47,Deleterious,0.001,Damaging
2003,D,N,-1.18,Neutral,0.006,Damaging
1091,D,A,-0.56,Neutral,0.147,Tolerated
1370,D,A,-3.44,Deleterious,0.103,Tolerated
1134,D,E,-0.59,Neutral,0.244,Tolerated
1816,D,E,-2.79,Deleterious,0.021,Damaging
82,D,E,-3.66,Deleterious,0,Damaging
2009,D,E,-0.2,Neutral,0.071,Tolerated
1741,D,E,-2.72,Deleterious,0.08,Tolerated
953,D,E,-3.68,Deleterious,0.07,Tolerated
1156,D,G,-2.93,Deleterious,0.038,Damaging
1163,D,G,-3.83,Deleterious,0.01,Damaging
84,D,G,-6.46,Deleterious,0.001,Damaging
1041,D,G,-1.66,Neutral,0.309,Tolerated
1986,D,G,-3.25,Deleterious,0.108,Tolerated
1610,D,G,-3.78,Deleterious,0.081,Tolerated
1370,D,G,-3.41,Deleterious,0.085,Tolerated
945,D,G,-6.84,Deleterious,0,Damaging
1062,D,H,-2.44,Neutral,0.002,Damaging
651,D,H,-3.85,Deleterious,0,Damaging
608,D,H,-1.08,Neutral,0.078,Tolerated
1423,D,H,-5.99,Deleterious,0,Damaging
979,D,H,-2.28,Neutral,0.021,Damaging
1134,D,N,-0.44,Neutral,0.15,Tolerated
1816,D,N,-3.46,Deleterious,0.083,Tolerated
1523,D,N,-4.35,Deleterious,0.017,Damaging
152,D,N,0.89,Neutral,1,Tolerated
66,D,N,-0.57,Neutral,0.198,Tolerated
1986,D,N,-2.34,Neutral,0.004,Damaging
608,D,N,-0.28,Neutral,0.167,Tolerated
1741,D,N,-2.03,Neutral,0.33,Tolerated
1729,D,N,-4.34,Deleterious,0.054,Tolerated
1689,D,N,-4.34,Deleterious,0.058,Tolerated
1551,D,N,-3.57,Deleterious,0.03,Damaging
872,D,N,-0.42,Neutral,0.508,Tolerated
310,D,N,-1.29,Neutral,0.47,Tolerated
305,D,N,-0.97,Neutral,0.171,Tolerated
1792,D,V,-5.53,Deleterious,0,Damaging
1852,D,V,-8.32,Deleterious,0,Damaging
1163,D,Y,-4.27,Deleterious,0.048,Damaging
1792,D,Y,-5.53,Deleterious,0,Damaging
629,D,Y,-3.08,Deleterious,0.003,Damaging
1551,D,Y,-6.8,Deleterious,0.001,Damaging
2000,D,Y,-3.34,Deleterious,0,Damaging
1091,D,Y,-0.8,Neutral,0.004,Damaging
953,D,Y,-8.5,Deleterious,0,Damaging
19,E,A,-5.27,Deleterious,0.001,Damaging
25,E,K,-3.66,Deleterious,0.018,Damaging
30,E,G,-4.74,Deleterious,0.001,Damaging
48,E,K,-1.95,Neutral,0.166,Tolerated
161,E,K,-3.45,Deleterious,0.001,Damaging
161,E,Q,-2.59,Deleterious,0.001,Damaging
312,E,K,-1.06,Neutral,0.19,Tolerated
346,E,D,-1.28,Neutral,0.213,Tolerated
346,E,K,-0.06,Neutral,0.1,Tolerated
428,E,K,-3.14,Deleterious,0.095,Tolerated
439,E,K,-3.85,Deleterious,0.04,Damaging
446,E,K,-3.63,Deleterious,0.001,Damaging
462,E,A,-4.27,Deleterious,0.181,Tolerated
462,E,K,-2.9,Deleterious,0.237,Tolerated
555,E,K,-3.05,Deleterious,0.035,Damaging
654,E,K,-2.24,Neutral,0.058,Tolerated
655,E,K,-2.74,Deleterious,0.008,Damaging
746,E,K,-1.68,Neutral,0.394,Tolerated
867,E,Q,-1.78,Neutral,0.036,Damaging
901,E,K,-3.76,Deleterious,0,Damaging
1025,E,D,0.33,Neutral,0.662,Tolerated
1032,E,K,0,Neutral,0.488,Tolerated
1053,E,K,-3.73,Deleterious,0.001,Damaging
1064,E,K,-1.09,Neutral,0.653,Tolerated
1107,E,K,-0.74,Neutral,0.215,Tolerated
1208,E,K,-3.91,Deleterious,0,Damaging
1225,E,K,-3.91,Deleterious,0,Damaging
1231,E,K,-1.06,Neutral,0.107,Tolerated
1240,E,Q,-2.75,Deleterious,0.001,Damaging
1253,E,G,-6.85,Deleterious,0,Damaging
1295,E,K,-3.11,Deleterious,0.001,Damaging
1441,E,Q,-2.86,Deleterious,0.012,Damaging
1489,E,D,-2.76,Deleterious,0.001,Damaging
1548,E,K,-3.63,Deleterious,0,Damaging
1574,E,K,-3.61,Deleterious,0,Damaging
1780,E,G,-6.47,Deleterious,0,Damaging
1781,E,G,-6.47,Deleterious,0,Damaging
1784,E,K,-3.57,Deleterious,0.001,Damaging
1890,E,K,-3.47,Deleterious,0,Damaging
1901,E,K,-3.7,Deleterious,0,Damaging
1901,E,Q,-2.78,Deleterious,0,Damaging
1938,E,K,-1.26,Neutral,0.183,Tolerated
1954,E,K,-1.88,Neutral,0.109,Tolerated
747,E,A,-0.85,Neutral,0.752,Tolerated
1025,E,A,-0.94,Neutral,0.418,Tolerated
1902,E,A,-4.95,Deleterious,0.001,Damaging
1781,E,D,-2.78,Deleterious,0,Damaging
74,E,D,-1.03,Neutral,0.144,Tolerated
1032,E,D,-0.14,Neutral,0.448,Tolerated
625,E,D,-0.49,Neutral,0.482,Tolerated
1165,E,D,-1.6,Neutral,0.363,Tolerated
1061,E,D,-0.15,Neutral,0.424,Tolerated
763,E,D,-2.97,Deleterious,0,Damaging
654,E,D,-1.01,Neutral,0.261,Tolerated
1063,E,G,-1.14,Neutral,0.185,Tolerated
346,E,G,-3.24,Deleterious,0.013,Damaging
491,E,G,-2.67,Deleterious,0.289,Tolerated
1130,E,K,-0.61,Neutral,0.109,Tolerated
1823,E,K,-1.18,Neutral,0.235,Tolerated
1555,E,K,-2.08,Neutral,0.106,Tolerated
74,E,K,-2.08,Neutral,0.506,Tolerated
49,E,K,-2.82,Deleterious,0.038,Damaging
1071,E,K,-1.88,Neutral,0.018,Damaging
1029,E,K,-0.88,Neutral,0.738,Tolerated
1877,E,K,-3.55,Deleterious,0.001,Damaging
636,E,K,-0.78,Neutral,0.743,Tolerated
610,E,K,-0.92,Neutral,0.737,Tolerated
500,E,K,-2.55,Deleterious,0.078,Tolerated
429,E,K,-1.23,Neutral,0.064,Tolerated
1230,E,K,-3.58,Deleterious,0.046,Damaging
867,E,K,-2.33,Neutral,0.078,Tolerated
763,E,K,-3.96,Deleterious,0,Damaging
1043,E,K,-1.53,Neutral,0.366,Tolerated
952,E,K,-3.1,Deleterious,0.001,Damaging
295,E,K,-0.82,Neutral,0.766,Tolerated
418,E,K,-3.89,Deleterious,0.001,Damaging
208,E,K,-3.25,Deleterious,0.003,Damaging
1015,E,K,-0.79,Neutral,0.191,Tolerated
553,E,K,-3.25,Deleterious,0.027,Damaging
1165,E,Q,-2.29,Neutral,0.031,Damaging
654,E,Q,-1.67,Neutral,0.077,Tolerated
625,E,Q,-1.11,Neutral,0.011,Damaging
1105,E,V,-1.81,Neutral,0.004,Damaging
677,E,V,-6.88,Deleterious,0,Damaging
439,E,V,-6.75,Deleterious,0,Damaging
4,F,V,0.6,Neutral,0.044,Damaging
16,F,L,-5.67,Deleterious,0.023,Damaging
93,F,S,-7.6,Deleterious,0,Damaging
355,F,C,-7.85,Deleterious,0,Damaging
355,F,I,-5.89,Deleterious,0,Damaging
530,F,V,-6.59,Deleterious,0,Damaging
532,F,C,-4.75,Deleterious,0.001,Damaging
543,F,L,-4.61,Deleterious,0.03,Damaging
777,F,L,-5.93,Deleterious,0,Damaging
816,F,Y,-2.97,Deleterious,0,Damaging
851,F,L,-5.91,Deleterious,0,Damaging
892,F,I,-5.74,Deleterious,0,Damaging
1210,F,S,-7.5,Deleterious,0,Damaging
1250,F,L,-5.87,Deleterious,0,Damaging
1293,F,S,-4.74,Deleterious,0,Damaging
1344,F,L,-5.85,Deleterious,0,Damaging
1344,F,S,-7.8,Deleterious,0,Damaging
1360,F,C,-7.33,Deleterious,0,Damaging
1460,F,L,-5.73,Deleterious,0.014,Damaging
1473,F,A,-7.65,Deleterious,0,Damaging
1473,F,C,-7.66,Deleterious,0,Damaging
1473,F,S,-7.67,Deleterious,0,Damaging
1486,F,L,-5.58,Deleterious,0.001,Damaging
1520,F,A,-3.67,Deleterious,0.078,Tolerated
1520,F,L,-1.68,Neutral,0.15,Tolerated
1522,F,A,-7.01,Deleterious,0,Damaging
1522,F,Y,-2.66,Deleterious,0.048,Damaging
1571,F,C,-7.26,Deleterious,0,Damaging
1594,F,S,-7.21,Deleterious,0,Damaging
1596,F,I,-4.26,Deleterious,0.032,Damaging
1616,F,Y,-1.87,Neutral,0.133,Tolerated
1705,F,S,-7.4,Deleterious,0,Damaging
1760,F,A,-7.4,Deleterious,0,Damaging
1760,F,C,-7.4,Deleterious,0,Damaging
1760,F,D,-8.32,Deleterious,0,Damaging
1760,F,E,-8.32,Deleterious,0,Damaging
1760,F,K,-8.32,Deleterious,0,Damaging
1760,F,R,-8.32,Deleterious,0,Damaging
2004,F,L,-0.63,Neutral,0.195,Tolerated
2004,F,V,-0.54,Neutral,0.099,Tolerated
1596,F,C,-5.9,Deleterious,0.007,Damaging
1317,F,C,-7.08,Deleterious,0,Damaging
2004,F,I,-0.51,Neutral,0.098,Tolerated
170,F,I,-5.78,Deleterious,0.001,Damaging
1567,F,L,-5.44,Deleterious,0,Damaging
164,F,L,-5.78,Deleterious,0,Damaging
1973,F,L,-1.72,Neutral,0.924,Tolerated
532,F,L,-3.55,Deleterious,0.07,Tolerated
1348,F,L,-5.84,Deleterious,0,Damaging
1168,F,L,-5.65,Deleterious,0.001,Damaging
86,F,L,-4.55,Deleterious,0.002,Damaging
816,F,L,-5.94,Deleterious,0,Damaging
784,F,L,-5.94,Deleterious,0.001,Damaging
733,F,L,-5.7,Deleterious,0,Damaging
718,F,L,-5.66,Deleterious,0.021,Damaging
402,F,L,-5.89,Deleterious,0,Damaging
530,F,S,-7.07,Deleterious,0.011,Damaging
1775,F,V,-6.47,Deleterious,0,Damaging
1928,F,V,-2.84,Deleterious,0.022,Damaging
1587,F,V,-6.27,Deleterious,0.006,Damaging
1674,F,V,-6.71,Deleterious,0,Damaging
9,G,V,-7.54,Deleterious,0,Damaging
35,G,S,0.89,Neutral,0.144,Tolerated
180,G,V,-8.66,Deleterious,0,Damaging
213,G,D,-5.62,Deleterious,0.001,Damaging
289,G,S,-0.2,Neutral,0.529,Tolerated
292,G,S,0.02,Neutral,0.452,Tolerated
298,G,S,-0.47,Neutral,0.154,Tolerated
319,G,S,-5.29,Deleterious,0.011,Damaging
333,G,A,-5.84,Deleterious,0,Damaging
351,G,C,-7.79,Deleterious,0,Damaging
351,G,D,-5.5,Deleterious,0.003,Damaging
351,G,V,-7.79,Deleterious,0,Damaging
386,G,E,-7.85,Deleterious,0,Damaging
386,G,R,-7.85,Deleterious,0,Damaging
400,G,A,-5.89,Deleterious,0,Damaging
400,G,R,-7.85,Deleterious,0,Damaging
514,G,C,-2.06,Neutral,0.024,Damaging
552,G,R,-2.59,Deleterious,0.033,Damaging
552,G,W,-4.21,Deleterious,0.005,Damaging
579,G,R,-0.34,Neutral,0.44,Tolerated
615,G,E,-2.11,Neutral,0.09,Tolerated
638,G,D,-1.08,Neutral,0.533,Tolerated
639,G,R,1.72,Neutral,0.781,Tolerated
709,G,V,3.75,Neutral,0.469,Tolerated
752,G,R,-7.66,Deleterious,0,Damaging
758,G,E,-6.43,Deleterious,0.001,Damaging
797,G,V,-6.54,Deleterious,0.007,Damaging
897,G,E,-7.59,Deleterious,0,Damaging
897,G,R,-7.62,Deleterious,0,Damaging
983,G,D,-0.93,Neutral,0.313,Tolerated
1037,G,V,-2.28,Neutral,0.034,Damaging
1040,G,R,-0.4,Neutral,0.277,Tolerated
1084,G,S,-0.33,Neutral,0.661,Tolerated
1158,G,S,-0.16,Neutral,0.381,Tolerated
,,,,,,
1262,G,S,-5.84,Deleterious,0,Damaging
1292,G,A,-4.37,Deleterious,0.001,Damaging
1319,G,V,-7.96,Deleterious,0,Damaging
1329,G,S,-5.84,Deleterious,0,Damaging
1358,G,W,-7.8,Deleterious,0,Damaging
1406,G,E,-6.52,Deleterious,0.001,Damaging
1406,G,R,-6.48,Deleterious,0,Damaging
1408,G,R,-7.79,Deleterious,0,Damaging
1420,G,D,-6.64,Deleterious,0,Damaging
1420,G,P,-7.59,Deleterious,0,Damaging
1420,G,R,-7.59,Deleterious,0,Damaging
1420,G,V,-8.54,Deleterious,0,Damaging
1433,G,R,-0.62,Neutral,0.161,Tolerated
1433,G,V,-2.8,Deleterious,0.05,Damaging
1433,G,W,-3.29,Deleterious,0.008,Damaging
1481,G,E,-5.21,Deleterious,0.001,Damaging
1481,G,R,-4.25,Deleterious,0.086,Tolerated
1481,G,V,-6.58,Deleterious,0.001,Damaging
1502,G,S,-5.52,Deleterious,0.001,Damaging
,,,,,,
1631,G,D,-6.47,Deleterious,0,Damaging
1642,G,E,-7.37,Deleterious,0.022,Damaging
1661,G,R,-7.49,Deleterious,0,Damaging
1712,G,C,-8.33,Deleterious,0,Damaging
1712,G,S,-5.55,Deleterious,0.001,Damaging
1740,G,R,-7.4,Deleterious,0,Damaging
1743,G,E,-7.4,Deleterious,0,Damaging
1743,G,R,-7.4,Deleterious,0.001,Damaging
1748,G,D,-6.48,Deleterious,0,Damaging
,,,,,,
1935,G,S,-0.78,Neutral,0.094,Tolerated
639,G,A,0.02,Neutral,0.572,Tolerated
1639,G,A,-3.7,Deleterious,0.197,Tolerated
490,G,A,-1.75,Neutral,0.084,Tolerated
1502,G,A,-5.52,Deleterious,0.014,Damaging
45,G,A,-0.89,Neutral,0.137,Tolerated
1068,G,A,-0.96,Neutral,0.107,Tolerated
1992,G,A,-0.2,Neutral,0.757,Tolerated
1933,G,A,-1.23,Neutral,0.257,Tolerated
1605,G,C,-6.85,Deleterious,0,Damaging
274,G,C,-8.78,Deleterious,0,Damaging
969,G,C,-7.32,Deleterious,0.001,Damaging
319,G,C,-8.19,Deleterious,0,Damaging
1605,G,D,-5.3,Deleterious,0,Damaging
69,G,D,-6.23,Deleterious,0,Damaging
1084,G,D,-0.48,Neutral,0.698,Tolerated
1068,G,D,0.6,Neutral,0.143,Tolerated
1933,G,D,-0.53,Neutral,0.343,Tolerated
652,G,D,-0.72,Neutral,0.151,Tolerated
1737,G,D,-2.64,Deleterious,0.063,Tolerated
452,G,D,-2.79,Deleterious,0.001,Damaging
874,G,D,-1.11,Neutral,0.102,Tolerated
999,G,D,1.21,Neutral,0.538,Tolerated
857,G,D,-6.93,Deleterious,0,Damaging
298,G,D,-0.91,Neutral,0.084,Tolerated
607,G,D,-3.14,Deleterious,0.003,Damaging
538,G,D,-4.4,Deleterious,0.058,Tolerated
1220,G,E,-7.77,Deleterious,0,Damaging
911,G,E,-5.19,Deleterious,0.072,Tolerated
490,G,E,0.17,Neutral,0.46,Tolerated
605,G,E,-3.53,Deleterious,0.003,Damaging
574,G,E,-1.28,Neutral,0.137,Tolerated
400,G,E,-7.85,Deleterious,0,Damaging
1661,G,E,-7.49,Deleterious,0.023,Damaging
319,G,R,-7.25,Deleterious,0,Damaging
607,G,R,-3.57,Deleterious,0.001,Damaging
1391,G,R,-2.76,Deleterious,0.029,Damaging
77,G,R,-3.82,Deleterious,0.001,Damaging
1084,G,R,-0.46,Neutral,0.263,Tolerated
1845,G,R,-7.4,Deleterious,0,Damaging
1369,G,R,-4.95,Deleterious,0.001,Damaging
1358,G,R,-7.8,Deleterious,0,Damaging
833,G,R,-7.83,Deleterious,0,Damaging
599,G,R,-6.36,Deleterious,0,Damaging
584,G,R,-1.57,Neutral,0.368,Tolerated
527,G,R,-3.12,Deleterious,0.007,Damaging
235,G,R,-7.56,Deleterious,0,Damaging
1129,G,S,-0.42,Neutral,0.174,Tolerated
652,G,S,0.5,Neutral,0.356,Tolerated
351,G,S,-4.69,Deleterious,0.002,Damaging
268,G,S,-5.62,Deleterious,0.001,Damaging
9,G,S,-5.17,Deleterious,0,Damaging
969,G,S,-4.79,Deleterious,0.007,Damaging
1933,G,V,-1.49,Neutral,0.17,Tolerated
607,G,V,-3.71,Deleterious,0,Damaging
1035,G,V,-2.05,Neutral,0.168,Tolerated
278,H,D,-2.71,Deleterious,0.007,Damaging
278,H,R,-2.83,Deleterious,0.02,Damaging
445,H,D,-1.37,Neutral,0.013,Damaging
558,H,R,3.92,Neutral,1,Tolerated
681,H,P,-1.67,Neutral,0.001,Damaging
880,H,Q,-7.65,Deleterious,0,Damaging
886,H,P,-9.27,Deleterious,0,Damaging
886,H,Q,-7.62,Deleterious,0,Damaging
1200,H,Y,-1.53,Neutral,0.014,Damaging
1849,H,R,-7.4,Deleterious,0,Damaging
1923,H,D,-1.57,Neutral,0.056,Tolerated
557,H,L,-4.55,Deleterious,0.002,Damaging
1915,H,N,-5.13,Deleterious,0.005,Damaging
588,H,N,1.76,Neutral,1,Tolerated
1915,H,P,-7.05,Deleterious,0.002,Damaging
1915,H,Q,-5.22,Deleterious,0.005,Damaging
350,H,Q,-3.63,Deleterious,0,Damaging
445,H,Q,2.72,Neutral,1,Tolerated
557,H,Q,-1.66,Neutral,0.083,Tolerated
1200,H,R,2.16,Neutral,1,Tolerated
1997,H,R,0.75,Neutral,0.353,Tolerated
184,H,R,-1.45,Neutral,0.065,Tolerated
588,H,R,-1.47,Neutral,0.053,Tolerated
1923,H,Y,-1.48,Neutral,0.218,Tolerated
1915,H,Y,-1.07,Neutral,1,Tolerated
445,H,Y,-1.75,Neutral,0.001,Damaging
557,H,Y,-2.81,Deleterious,0.01,Damaging
94,I,S,-5.06,Deleterious,0,Damaging
94,I,V,-0.56,Neutral,0.218,Tolerated
137,I,M,-2.69,Deleterious,0,Damaging
137,I,V,-0.9,Neutral,0.001,Damaging
141,I,V,-0.86,Neutral,0.009,Damaging
230,I,T,-4.55,Deleterious,0,Damaging
230,I,V,-0.64,Neutral,0.181,Tolerated
239,I,V,-0.98,Neutral,0.031,Damaging
267,I,L,-1.95,Neutral,0.002,Damaging
397,I,F,-3.92,Deleterious,0,Damaging
397,I,T,-4.91,Deleterious,0,Damaging
397,I,V,-0.98,Neutral,0,Damaging
848,I,F,-3.96,Deleterious,0,Damaging
849,I,N,-6.83,Deleterious,0,Damaging
890,I,T,-4.64,Deleterious,0,Damaging
1278,I,N,-6.77,Deleterious,0,Damaging
1334,I,V,-0.98,Neutral,0,Damaging
1343,I,V,-0.89,Neutral,0.001,Damaging
1350,I,T,-4.86,Deleterious,0.008,Damaging
1448,I,L,0.65,Neutral,1,Tolerated
1448,I,N,-5.31,Deleterious,0,Damaging
1448,I,T,-3.44,Deleterious,0,Damaging
1485,I,V,-0.92,Neutral,0.013,Damaging
1521,I,K,-4.51,Deleterious,0,Damaging
1524,I,T,-2.92,Deleterious,0.017,Damaging
1593,I,M,-2.57,Deleterious,0,Damaging
1660,I,S,-5.48,Deleterious,0,Damaging
1660,I,V,-0.89,Neutral,0,Damaging
1749,I,N,-6.47,Deleterious,0,Damaging
1756,I,C,-4.62,Deleterious,0,Damaging
1762,I,A,-3.88,Deleterious,0,Damaging
1768,I,V,-0.93,Neutral,0,Damaging
1770,I,C,-4.06,Deleterious,0,Damaging
1836,I,T,-4.21,Deleterious,0.016,Damaging
1853,I,A,-4.62,Deleterious,0,Damaging
1853,I,E,-6.47,Deleterious,0,Damaging
1968,I,M,0.03,Neutral,0.21,Tolerated
1968,I,S,0.08,Neutral,0.609,Tolerated
1603,I,F,-3.03,Deleterious,0.011,Damaging
925,I,F,-3.08,Deleterious,0,Damaging
1350,I,L,-1.95,Neutral,0.001,Damaging
1643,I,L,-1.85,Neutral,0,Damaging
1201,I,M,-2.91,Deleterious,0.015,Damaging
1833,I,M,-1.47,Neutral,0.039,Damaging
1809,I,M,-2.01,Neutral,0.071,Tolerated
1762,I,M,-2.4,Neutral,0,Damaging
1377,I,M,-0.76,Neutral,0.218,Tolerated
894,I,M,-2.25,Neutral,0,Damaging
424,I,M,-1.23,Neutral,0.195,Tolerated
230,I,M,-2.76,Deleterious,0,Damaging
1154,I,N,-3.16,Deleterious,0.106,Tolerated
1968,I,N,-1.45,Neutral,0.032,Damaging
891,I,N,-6.08,Deleterious,0,Damaging
141,I,N,-6.22,Deleterious,0,Damaging
696,I,N,-6.87,Deleterious,0,Damaging
1630,I,R,-6.48,Deleterious,0,Damaging
388,I,S,-0.63,Neutral,0.067,Tolerated
202,I,T,0.6,Neutral,0.802,Tolerated
783,I,T,-4.84,Deleterious,0,Damaging
1771,I,T,-4.62,Deleterious,0,Damaging
1968,I,T,0.81,Neutral,0.897,Tolerated
,,,,,,
1005,I,T,-1.45,Neutral,0.05,Damaging
891,I,T,-3.44,Deleterious,0,Damaging
1521,I,T,-2.84,Deleterious,0,Damaging
1797,I,V,0.27,Neutral,1,Tolerated
1770,I,V,0.21,Neutral,1,Tolerated
1758,I,V,-0.79,Neutral,0.031,Damaging
1756,I,V,-0.93,Neutral,0.001,Damaging
1611,I,V,-0.69,Neutral,0.176,Tolerated
1570,I,V,-0.48,Neutral,0.393,Tolerated
1559,I,V,-0.48,Neutral,0.447,Tolerated
1557,I,V,0.71,Neutral,0.316,Tolerated
1215,I,V,-0.98,Neutral,0,Damaging
1968,I,V,0.24,Neutral,1,Tolerated
1908,I,V,-0.93,Neutral,0.001,Damaging
1873,I,V,-0.02,Neutral,0.405,Tolerated
1853,I,V,-0.93,Neutral,0.045,Damaging
1469,I,V,-0.97,Neutral,0.014,Damaging
1424,I,V,-0.95,Neutral,0,Damaging
1364,I,V,-0.14,Neutral,1,Tolerated
1331,I,V,-0.98,Neutral,0,Damaging
1948,I,V,-0.38,Neutral,0.372,Tolerated
788,I,V,-0.99,Neutral,0.001,Damaging
759,I,V,-0.92,Neutral,0.009,Damaging
1005,I,V,-0.11,Neutral,0.417,Tolerated
723,I,V,-0.8,Neutral,0.047,Damaging
1630,I,V,-0.92,Neutral,0.032,Damaging
,,,,,,
126,K,E,-3.7,Deleterious,0.017,Damaging
175,K,N,-4.8,Deleterious,0,Damaging
317,K,N,-2.38,Neutral,0.344,Tolerated
343,K,Q,-3.83,Deleterious,0.012,Damaging
430,K,E,-3.84,Deleterious,0.029,Damaging
480,K,N,-2.88,Deleterious,0.008,Damaging
590,K,Q,-2.68,Deleterious,0.012,Damaging
817,K,E,-3.96,Deleterious,0,Damaging
974,K,D,-4.65,Deleterious,0,Damaging
1236,K,N,-4.43,Deleterious,0,Damaging
1236,K,R,-2.15,Neutral,0.237,Tolerated
1265,K,R,-1.76,Neutral,0.008,Damaging
1359,K,N,-4.66,Deleterious,0,Damaging
1419,K,E,-3.8,Deleterious,0,Damaging
1477,K,N,-4.67,Deleterious,0.006,Damaging
1493,K,R,-2.76,Deleterious,0.012,Damaging
1500,K,N,-4.54,Deleterious,0,Damaging
1504,K,E,-3.68,Deleterious,0,Damaging
1505,K,N,-4.6,Deleterious,0,Damaging
1527,K,R,0.24,Neutral,0.628,Tolerated
1872,K,N,-3.07,Deleterious,0.001,Damaging
1922,K,A,-3.3,Deleterious,0.065,Tolerated
1922,K,E,-2.29,Neutral,0.009,Damaging
1233,K,E,-3.08,Deleterious,0.026,Damaging
1244,K,E,-3.38,Deleterious,0.001,Damaging
1018,K,E,0.21,Neutral,0.624,Tolerated
521,K,E,-1.36,Neutral,0.144,Tolerated
1478,K,E,-3.69,Deleterious,0,Damaging
991,K,E,-1.14,Neutral,0.09,Tolerated
496,K,M,-4.7,Deleterious,0,Damaging
1359,K,M,-5.63,Deleterious,0,Damaging
317,K,M,-0.57,Neutral,0.079,Tolerated
1264,K,N,-2.77,Deleterious,0.029,Damaging
63,K,N,-0.12,Neutral,0.625,Tolerated
1922,K,N,-2.91,Deleterious,0.002,Damaging
496,K,N,-3.75,Deleterious,0.028,Damaging
1922,K,R,-1.4,Neutral,0.035,Damaging
1264,K,R,-1.54,Neutral,0.087,Tolerated
1024,K,R,-0.81,Neutral,0.138,Tolerated
228,K,R,-2.93,Deleterious,0.029,Damaging
1189,K,T,-4.25,Deleterious,0.015,Damaging
158,K,T,-4.68,Deleterious,0.021,Damaging
62,K,T,-4.36,Deleterious,0.001,Damaging
991,K,T,-1.14,Neutral,0.066,Tolerated
21,L,A,-4.73,Deleterious,0,Damaging
136,L,P,-4.9,Deleterious,0.001,Damaging
177,L,P,-5.84,Deleterious,0,Damaging
212,L,P,-6.79,Deleterious,0,Damaging
212,L,Q,-5.82,Deleterious,0,Damaging
224,L,F,-3.57,Deleterious,0.031,Damaging
227,L,P,-6.83,Deleterious,0,Damaging
276,L,P,-6.82,Deleterious,0.002,Damaging
276,L,Q,-5.85,Deleterious,0,Damaging
299,L,M,0.05,Neutral,0.142,Tolerated
315,L,P,-2.95,Deleterious,0.003,Damaging
325,L,R,-5.72,Deleterious,0,Damaging
404,L,Q,-5.88,Deleterious,0,Damaging
409,L,C,-4.91,Deleterious,0,Damaging
409,L,P,-6.87,Deleterious,0,Damaging
409,L,V,-2.94,Deleterious,0.001,Damaging
461,L,V,-0.55,Neutral,0.502,Tolerated
466,L,F,-3.32,Deleterious,0.208,Tolerated
567,L,Q,0.89,Neutral,0.326,Tolerated
604,L,V,0.17,Neutral,1,Tolerated
618,L,F,-2.18,Neutral,0.009,Damaging
619,L,F,-2,Neutral,0.01,Damaging
673,L,P,-5.09,Deleterious,0.001,Damaging
721,L,P,-6.66,Deleterious,0,Damaging
736,L,P,-4.65,Deleterious,0,Damaging
771,L,V,-1.63,Neutral,0.002,Damaging
812,L,Q,-5.93,Deleterious,0,Damaging
828,L,V,-2.97,Deleterious,0,Damaging
839,L,P,-6.93,Deleterious,0,Damaging
846,L,R,-5.94,Deleterious,0,Damaging
917,L,R,-3.81,Deleterious,0.001,Damaging
928,L,P,-6.39,Deleterious,0,Damaging
931,L,K,-5.69,Deleterious,0,Damaging
935,L,P,-6.24,Deleterious,0,Damaging
1194,L,M,-1.71,Neutral,0.048,Damaging
1222,L,R,-5.82,Deleterious,0,Damaging
1239,L,P,-6.84,Deleterious,0,Damaging
1283,L,M,-1.46,Neutral,0.016,Damaging
1308,L,F,-3.49,Deleterious,0.021,Damaging
1311,L,P,-6.19,Deleterious,0,Damaging
1338,L,V,-2.86,Deleterious,0,Damaging
1346,L,I,-1.95,Neutral,0,Damaging
1346,L,P,-6.82,Deleterious,0,Damaging
1412,L,F,-3.9,Deleterious,0,Damaging
1501,L,V,-2.76,Deleterious,0.001,Damaging
1560,L,F,-3.7,Deleterious,0,Damaging
1582,L,P,-6.27,Deleterious,0,Damaging
1634,L,P,-6.48,Deleterious,0,Damaging
1636,L,Q,-5.52,Deleterious,0,Damaging
1650,L,F,-3.73,Deleterious,0.001,Damaging
1650,L,H,-6.57,Deleterious,0,Damaging
1704,L,H,-6.48,Deleterious,0,Damaging
1717,L,P,-6.48,Deleterious,0,Damaging
1761,L,F,-3.7,Deleterious,0,Damaging
1761,L,H,-6.47,Deleterious,0,Damaging
1772,L,V,-2.78,Deleterious,0,Damaging
1786,L,P,-6.47,Deleterious,0,Damaging
1786,L,Q,-5.55,Deleterious,0,Damaging
1786,L,R,-5.55,Deleterious,0,Damaging
1825,L,P,-6.47,Deleterious,0,Damaging
1854,L,A,-4.62,Deleterious,0,Damaging
1854,L,E,-6.47,Deleterious,0,Damaging
1896,L,V,-2.71,Deleterious,0.001,Damaging
1917,L,K,-4.01,Deleterious,0.001,Damaging
1988,L,R,-1.04,Neutral,0.188,Tolerated
1835,L,F,-3.7,Deleterious,0,Damaging
1387,L,F,-1.41,Neutral,0.153,Tolerated
39,L,F,-0.29,Neutral,0.029,Damaging
1750,L,F,1.71,Neutral,1,Tolerated
299,L,F,1.15,Neutral,0.982,Tolerated
1339,L,F,-3.9,Deleterious,0,Damaging
939,L,F,-3.68,Deleterious,0.001,Damaging
895,L,F,-3.83,Deleterious,0,Damaging
793,L,F,-3.96,Deleterious,0.001,Damaging
791,L,F,-3.65,Deleterious,0.042,Damaging
995,L,F,-1.61,Neutral,0.311,Tolerated
306,L,F,0.19,Neutral,0.173,Tolerated
441,L,F,-3.87,Deleterious,0.03,Damaging
1601,L,H,-6.41,Deleterious,0,Damaging
266,L,H,-6.83,Deleterious,0,Damaging
1444,L,I,-1.01,Neutral,0.169,Tolerated
1565,L,M,-0.46,Neutral,0.174,Tolerated
1255,L,M,-1.65,Neutral,0.011,Damaging
1514,L,M,-0.63,Neutral,0.105,Tolerated
1927,L,P,-3.04,Deleterious,0.082,Tolerated
1896,L,P,-6.37,Deleterious,0,Damaging
1464,L,P,-6.68,Deleterious,0,Damaging
959,L,P,-6.78,Deleterious,0,Damaging
624,L,Q,-1.16,Neutral,0.039,Damaging
1067,L,R,-1.74,Neutral,0.037,Damaging
6,L,S,-1.87,Neutral,0.005,Damaging
1216,L,V,-2.93,Deleterious,0.001,Damaging
271,L,V,-2.93,Deleterious,0,Damaging
21,L,V,-2.83,Deleterious,0.001,Damaging
673,L,V,-0.68,Neutral,0.254,Tolerated
917,L,V,0.04,Neutral,0.056,Tolerated
306,L,V,0.16,Neutral,0.331,Tolerated
404,L,V,-2.94,Deleterious,0.001,Damaging
1,M,I,-1.96,Neutral,0,Damaging
138,M,I,-3.17,Deleterious,0.051,Tolerated
369,M,K,-5.89,Deleterious,0,Damaging
438,M,L,0.45,Neutral,1,Tolerated
506,M,K,0.9,Neutral,1,Tolerated
704,M,T,-2.37,Neutral,0.016,Damaging
734,M,V,-3.8,Deleterious,0.001,Damaging
764,M,K,-5.94,Deleterious,0,Damaging
764,M,R,-5.94,Deleterious,0,Damaging
858,M,L,-2.54,Deleterious,0.005,Damaging
1245,M,I,1,Neutral,0.343,Tolerated
1320,M,V,-3.54,Deleterious,0,Damaging
1335,M,R,-5.77,Deleterious,0,Damaging
1351,M,R,-5.85,Deleterious,0,Damaging
1487,M,K,-5.52,Deleterious,0,Damaging
1487,M,L,-2.76,Deleterious,0.001,Damaging
1498,M,R,-5.5,Deleterious,0,Damaging
1498,M,T,-5.49,Deleterious,0.004,Damaging
1498,M,V,-3.67,Deleterious,0.001,Damaging
1652,M,R,-5.58,Deleterious,0,Damaging
1652,M,T,-5.58,Deleterious,0,Damaging
1701,M,I,-3.7,Deleterious,0.091,Tolerated
1766,M,L,-2.74,Deleterious,0.014,Damaging
1766,M,T,-5.53,Deleterious,0,Damaging
1766,M,V,-3.68,Deleterious,0.001,Damaging
1793,M,K,-4.37,Deleterious,0.001,Damaging
1851,M,V,-1.32,Neutral,0.001,Damaging
1875,M,T,-5.55,Deleterious,0,Damaging
1880,M,V,-2.83,Deleterious,0.147,Tolerated
1952,M,T,-2.34,Neutral,0.008,Damaging
1320,M,I,-3.54,Deleterious,0,Damaging
28,M,I,1.82,Neutral,1,Tolerated
1851,M,I,-0.53,Neutral,0.001,Damaging
1676,M,I,-3.83,Deleterious,0.022,Damaging
482,M,I,-1.21,Neutral,0.177,Tolerated
748,M,I,-0.78,Neutral,0.099,Tolerated
956,M,I,-2.38,Neutral,0.008,Damaging
715,M,I,-3.2,Deleterious,0.001,Damaging
1875,M,K,-5.55,Deleterious,0,Damaging
28,M,L,0.49,Neutral,0.012,Damaging
1842,M,L,-1.8,Neutral,0.156,Tolerated
520,M,R,-0.89,Neutral,0.377,Tolerated
1422,M,R,-5.42,Deleterious,0,Damaging
463,M,R,-1.69,Neutral,0.531,Tolerated
1546,M,T,-5.53,Deleterious,0,Damaging
28,M,T,-1.9,Neutral,0.004,Damaging
1906,M,T,1.84,Neutral,1,Tolerated
1842,M,T,-4.8,Deleterious,0,Damaging
623,M,T,-0.52,Neutral,0.219,Tolerated
463,M,T,-1.16,Neutral,0.572,Tolerated
1296,M,T,-3,Deleterious,0,Damaging
1214,M,T,-5.86,Deleterious,0,Damaging
956,M,T,-4.32,Deleterious,0.007,Damaging
1668,M,T,-5.52,Deleterious,0,Damaging
715,M,T,-3.87,Deleterious,0.18,Tolerated
1676,M,T,-5.75,Deleterious,0,Damaging
438,M,T,-3.77,Deleterious,0,Damaging
1842,M,V,-2.85,Deleterious,0.039,Damaging
1351,M,V,-3.9,Deleterious,0.021,Damaging
1906,M,V,1.09,Neutral,0.69,Tolerated
520,M,V,-0.63,Neutral,0.716,Tolerated
801,M,V,0.74,Neutral,1,Tolerated
414,M,V,-3.92,Deleterious,0.001,Damaging
135,M,V,-2.61,Deleterious,0.082,Tolerated
70,N,K,-1.91,Neutral,0.001,Damaging
109,N,K,-0.67,Neutral,0.183,Tolerated
275,N,K,-5.54,Deleterious,0.053,Tolerated
291,N,H,-1.64,Neutral,0.094,Tolerated
291,N,S,-1.46,Neutral,0.115,Tolerated
406,N,A,-7.85,Deleterious,0,Damaging
406,N,C,-8.83,Deleterious,0,Damaging
406,N,D,-4.91,Deleterious,0,Damaging
406,N,E,-5.89,Deleterious,0,Damaging
406,N,F,-8.83,Deleterious,0,Damaging
406,N,K,-5.89,Deleterious,0,Damaging
406,N,R,-5.89,Deleterious,0,Damaging
406,N,S,-4.91,Deleterious,0,Damaging
470,N,K,-1.62,Neutral,0.59,Tolerated
592,N,K,-2.54,Deleterious,0.03,Damaging
782,N,T,-5.94,Deleterious,0,Damaging
803,N,G,2.21,Neutral,1,Tolerated
834,N,D,-4.95,Deleterious,0,Damaging
927,N,K,-5.31,Deleterious,0,Damaging
927,N,S,-4.3,Deleterious,0,Damaging
1269,N,S,-4.6,Deleterious,0.005,Damaging
1325,N,S,-4.21,Deleterious,0.001,Damaging
1354,N,K,-5.85,Deleterious,0,Damaging
1365,N,S,-4.71,Deleterious,0.001,Damaging
1380,N,K,-5.36,Deleterious,0,Damaging
1443,N,S,-3.34,Deleterious,0.19,Tolerated
1463,N,A,-7.64,Deleterious,0,Damaging
1463,N,C,-8.59,Deleterious,0,Damaging
1463,N,Y,-7.64,Deleterious,0,Damaging
1472,N,S,-4.76,Deleterious,0,Damaging
1722,N,D,-4.46,Deleterious,0.039,Damaging
1765,N,A,-7.38,Deleterious,0,Damaging
1765,N,C,-8.3,Deleterious,0,Damaging
1774,N,D,-4.62,Deleterious,0.001,Damaging
1774,N,H,-4.62,Deleterious,0.002,Damaging
1774,N,S,-4.62,Deleterious,0.001,Damaging
1987,N,K,1.29,Neutral,1,Tolerated
826,N,D,-4.95,Deleterious,0,Damaging
841,N,K,-5.92,Deleterious,0.007,Damaging
291,N,K,-1.84,Neutral,0.058,Tolerated
3,N,K,-0.5,Neutral,0.856,Tolerated
730,N,K,-5.7,Deleterious,0,Damaging
134,N,S,1.77,Neutral,1,Tolerated
70,N,S,-1.28,Neutral,0.005,Damaging
1678,N,S,-3.59,Deleterious,0.137,Tolerated
1515,N,S,-4.36,Deleterious,0.007,Damaging
288,N,S,-2.64,Deleterious,0.036,Damaging
592,N,S,-2.44,Neutral,0.018,Damaging
3,N,S,-0.36,Neutral,0.676,Tolerated
,,,,,,
,,,,,,
1955,N,Y,-4.97,Deleterious,0.001,Damaging
52,P,S,-6.42,Deleterious,0.011,Damaging
116,P,A,-7.58,Deleterious,0.015,Damaging
336,P,L,-9.68,Deleterious,0.012,Damaging
465,P,A,-2.77,Deleterious,0.079,Tolerated
468,P,L,-2.24,Neutral,0.074,Tolerated
614,P,S,-4.32,Deleterious,0.001,Damaging
621,P,H,-1.86,Neutral,0.011,Damaging
627,P,L,-3.22,Deleterious,0.121,Tolerated
637,P,A,-0.11,Neutral,0.756,Tolerated
637,P,L,-1.26,Neutral,0.352,Tolerated
640,P,A,-0.6,Neutral,0.049,Damaging
648,P,L,0.47,Neutral,1,Tolerated
656,P,L,-6.89,Deleterious,0.004,Damaging
701,P,L,-7.65,Deleterious,0.002,Damaging
717,P,L,-9.51,Deleterious,0,Damaging
773,P,S,-7.92,Deleterious,0,Damaging
1008,P,S,-0.17,Neutral,0.917,Tolerated
1011,P,L,-0.66,Neutral,0.329,Tolerated
1014,P,S,0.2,Neutral,0.61,Tolerated
1021,P,S,0.38,Neutral,0.714,Tolerated
1090,P,L,-0.76,Neutral,0.047,Damaging
1177,P,L,-5.46,Deleterious,0.004,Damaging
1187,P,L,-3.02,Deleterious,0.232,Tolerated
1298,P,L,-4.09,Deleterious,0.01,Damaging
1332,P,L,-9.74,Deleterious,0,Damaging
1332,P,Q,-7.79,Deleterious,0,Damaging
1372,P,R,-0.69,Neutral,0.79,Tolerated
1438,P,L,-9.55,Deleterious,0,Damaging
1506,P,S,-7.36,Deleterious,0,Damaging
1506,P,T,-7.36,Deleterious,0,Damaging
1509,P,A,-7.36,Deleterious,0,Damaging
1725,P,L,-8.04,Deleterious,0,Damaging
1730,P,H,-6.72,Deleterious,0,Damaging
1824,P,A,-7.4,Deleterious,0,Damaging
1959,P,A,-0.2,Neutral,0.279,Tolerated
1962,P,L,-2.2,Neutral,0.011,Damaging
1962,P,S,-1.52,Neutral,0.04,Damaging
2005,P,A,-0.23,Neutral,0.264,Tolerated
2006,P,A,-1.01,Neutral,0.607,Tolerated
2008,P,A,-1.74,Neutral,0.164,Tolerated
79,P,A,-7.55,Deleterious,0.045,Damaging
348,P,A,-7.85,Deleterious,0.001,Damaging
1730,P,A,-5.86,Deleterious,0.022,Damaging
79,P,H,-8.51,Deleterious,0,Damaging
1942,P,H,-3.94,Deleterious,0.017,Damaging
52,P,H,-7.1,Deleterious,0.002,Damaging
2005,P,L,-0.92,Neutral,0.096,Tolerated
154,P,L,-7.59,Deleterious,0,Damaging
1884,P,L,-7.03,Deleterious,0.138,Tolerated
7,P,L,-7.84,Deleterious,0.001,Damaging
583,P,L,-3.07,Deleterious,0.076,Tolerated
119,P,L,-3.57,Deleterious,1,Tolerated
2008,P,L,-2.48,Neutral,0.017,Damaging
1963,P,L,-2.95,Deleterious,0.085,Tolerated
640,P,L,-1.53,Neutral,0.017,Damaging
1730,P,L,-7.29,Deleterious,0.013,Damaging
1619,P,L,-9.25,Deleterious,0.001,Damaging
1187,P,Q,-1.8,Neutral,0.301,Tolerated
1619,P,Q,-7.33,Deleterious,0,Damaging
1090,P,Q,-0.26,Neutral,0.557,Tolerated
628,P,R,-1.76,Neutral,0.041,Damaging
7,P,R,-7.34,Deleterious,0.004,Damaging
578,P,R,-0.02,Neutral,0.769,Tolerated
1011,P,S,0.42,Neutral,0.776,Tolerated
1002,P,S,-0.23,Neutral,0.521,Tolerated
119,P,S,-4.18,Deleterious,0.015,Damaging
1155,P,S,-2.3,Neutral,0.096,Tolerated
1132,P,S,-0.05,Neutral,0.232,Tolerated
85,P,S,-6.95,Deleterious,0.008,Damaging
79,P,S,-7.56,Deleterious,0.001,Damaging
2005,P,S,-0.15,Neutral,0.035,Damaging
1942,P,S,-2.83,Deleterious,0.031,Damaging
640,P,S,0.07,Neutral,0.14,Tolerated
522,P,S,-0.25,Neutral,0.09,Tolerated
503,P,S,-0.01,Neutral,0.452,Tolerated
1048,P,S,-7.58,Deleterious,0.028,Damaging
,,,,,,
1164,P,T,-7.27,Deleterious,0.001,Damaging
85,P,T,-6.8,Deleterious,0.048,Damaging
2006,P,T,-0.74,Neutral,0.326,Tolerated
1975,P,T,-7.18,Deleterious,0,Damaging
1509,P,T,-7.36,Deleterious,0,Damaging
578,P,T,-1.27,Neutral,0.246,Tolerated
823,P,T,-7.92,Deleterious,0,Damaging
1034,P,T,-0.7,Neutral,0.289,Tolerated
32,Q,R,0.2,Neutral,0.133,Tolerated
245,Q,K,-3.4,Deleterious,0.001,Damaging
270,Q,K,-3.9,Deleterious,0,Damaging
371,Q,E,-2.94,Deleterious,0.001,Damaging
573,Q,E,-1.05,Neutral,0.455,Tolerated
692,Q,K,-1.11,Neutral,0.073,Tolerated
750,Q,R,-1.38,Neutral,0.019,Damaging
779,Q,K,-0.92,Neutral,0.339,Tolerated
912,Q,R,-2.72,Deleterious,0.051,Tolerated
960,Q,K,-3.73,Deleterious,0.002,Damaging
1033,Q,R,-0.34,Neutral,0.349,Tolerated
1077,Q,A,-0.64,Neutral,0.242,Tolerated
1077,Q,K,-0.14,Neutral,0.575,Tolerated
1077,Q,P,-0.69,Neutral,0.288,Tolerated
1077,Q,Y,-0.84,Neutral,0.012,Damaging
1475,Q,L,-6.65,Deleterious,0,Damaging
1476,Q,K,-3.82,Deleterious,0,Damaging
1476,Q,R,-3.82,Deleterious,0,Damaging
1491,Q,H,-4.69,Deleterious,0,Damaging
1507,Q,A,-5.52,Deleterious,0.001,Damaging
1613,Q,L,-4,Deleterious,0.007,Damaging
1706,Q,H,-4.39,Deleterious,0,Damaging
1832,Q,E,-0.87,Neutral,0.008,Damaging
1909,Q,R,-3.7,Deleterious,0,Damaging
1153,Q,H,-2.38,Neutral,0.022,Damaging
1097,Q,H,-0.29,Neutral,0.193,Tolerated
1613,Q,H,-2.44,Neutral,0.001,Damaging
1439,Q,H,-2.08,Neutral,0.055,Tolerated
1414,Q,H,-4.87,Deleterious,0,Damaging
1930,Q,H,-1.16,Neutral,0.232,Tolerated
1366,Q,H,-1.24,Neutral,0.262,Tolerated
1483,Q,H,-4.52,Deleterious,0,Damaging
1552,Q,L,-6.29,Deleterious,0,Damaging
1000,Q,L,-1.91,Neutral,0.045,Damaging
1552,Q,R,-3.57,Deleterious,0,Damaging
1439,Q,R,-0.29,Neutral,0.138,Tolerated
1366,Q,R,-0.83,Neutral,0.202,Tolerated
573,Q,R,-0.96,Neutral,0.478,Tolerated
967,Q,R,-1.96,Neutral,0.125,Tolerated
15,R,G,-3.55,Deleterious,0.278,Tolerated
18,R,Q,-1.3,Neutral,0.13,Tolerated
18,R,W,-4.64,Deleterious,0.007,Damaging
27,R,H,-3.65,Deleterious,0,Damaging
34,R,C,-3.7,Deleterious,0,Damaging
34,R,H,-2.16,Neutral,0.046,Damaging
43,R,Q,-0.99,Neutral,0.014,Damaging
53,R,Q,-1.48,Neutral,0.051,Tolerated
104,R,G,-6.65,Deleterious,0,Damaging
104,R,K,-2.85,Deleterious,0,Damaging
104,R,Q,-3.8,Deleterious,0,Damaging
104,R,W,-7.59,Deleterious,0,Damaging
121,R,Q,-3.79,Deleterious,0.001,Damaging
121,R,W,-7.57,Deleterious,0,Damaging
179,R,Q,-3.81,Deleterious,0.001,Damaging
190,R,G,-6.77,Deleterious,0,Damaging
190,R,Q,-3.87,Deleterious,0.023,Damaging
190,R,W,-7.74,Deleterious,0.015,Damaging
219,R,C,-7.8,Deleterious,0,Damaging
219,R,H,-4.88,Deleterious,0,Damaging
222,R,G,-6.83,Deleterious,0,Damaging
222,R,Q,-3.9,Deleterious,0,Damaging
225,R,P,-6.83,Deleterious,0.001,Damaging
225,R,Q,-3.9,Deleterious,0,Damaging
225,R,W,-7.8,Deleterious,0,Damaging
282,R,C,-4.42,Deleterious,0.002,Damaging
282,R,H,-2.53,Deleterious,0.009,Damaging
340,R,Q,-0.21,Neutral,0.692,Tolerated
340,R,W,-1.72,Neutral,0.126,Tolerated
367,R,C,-7.85,Deleterious,0,Damaging
367,R,G,-6.87,Deleterious,0.001,Damaging
367,R,H,-4.91,Deleterious,0,Damaging
367,R,L,-6.87,Deleterious,0,Damaging
376,R,C,-5,Deleterious,0.001,Damaging
376,R,H,-1.54,Neutral,0.009,Damaging
433,R,C,-4.63,Deleterious,0,Damaging
458,R,C,-2.58,Deleterious,0.169,Tolerated
475,R,K,-2.36,Neutral,0.744,Tolerated
475,R,S,-4.73,Deleterious,0.119,Tolerated
481,R,W,-4.62,Deleterious,0.001,Damaging
504,R,T,-3.89,Deleterious,0.001,Damaging
513,R,C,-1.71,Neutral,0.028,Damaging
513,R,H,0.64,Neutral,0.21,Tolerated
523,R,C,-4.12,Deleterious,0,Damaging
526,R,H,-0.94,Neutral,0.464,Tolerated
535,R,G,-4.04,Deleterious,0.021,Damaging
535,R,Q,-2.04,Neutral,0.057,Tolerated
568,R,H,-3.39,Deleterious,0.021,Damaging
569,R,G,-3.93,Deleterious,0.043,Damaging
569,R,W,-5.71,Deleterious,0,Damaging
620,R,C,-1.27,Neutral,0.056,Tolerated
620,R,H,-0.63,Neutral,0.158,Tolerated
661,R,W,-7.86,Deleterious,0,Damaging
680,R,H,-1.95,Neutral,0.267,Tolerated
689,R,C,-4.59,Deleterious,0.001,Damaging
689,R,H,-2.11,Neutral,0.144,Tolerated
693,R,C,-2.31,Neutral,0.032,Damaging
800,R,L,-3.84,Deleterious,0.003,Damaging
808,R,C,-7.92,Deleterious,0,Damaging
808,R,P,-6.93,Deleterious,0.001,Damaging
811,R,H,-4.94,Deleterious,0,Damaging
814,R,Q,-3.97,Deleterious,0,Damaging
814,R,W,-7.93,Deleterious,0,Damaging
878,R,C,-7.6,Deleterious,0,Damaging
878,R,H,-4.85,Deleterious,0,Damaging
878,R,L,-6.73,Deleterious,0,Damaging
893,R,C,-7.69,Deleterious,0,Damaging
893,R,H,-4.78,Deleterious,0,Damaging
965,R,C,-7.82,Deleterious,0,Damaging
965,R,H,-4.89,Deleterious,0,Damaging
965,R,L,-6.84,Deleterious,0,Damaging
971,R,C,-2.11,Neutral,0.047,Damaging
975,R,W,-4.66,Deleterious,0.006,Damaging
986,R,Q,-0.62,Neutral,0.308,Tolerated
986,R,W,-1.37,Neutral,0.155,Tolerated
988,R,Q,-0.79,Neutral,0.043,Damaging
988,R,W,-1.61,Neutral,0.032,Damaging
1023,R,C,-0.31,Neutral,0.174,Tolerated
1023,R,H,0.56,Neutral,0.527,Tolerated
1027,R,Q,-0.92,Neutral,0.552,Tolerated
1027,R,W,-2.03,Neutral,0.125,Tolerated
1116,R,Q,-0.15,Neutral,0.486,Tolerated
1116,R,W,-0.4,Neutral,0.026,Damaging
1193,R,Q,-0.46,Neutral,0.404,Tolerated
1195,R,H,-4.87,Deleterious,0,Damaging
1195,R,S,-5.85,Deleterious,0,Damaging
1232,R,Q,-3.23,Deleterious,0.001,Damaging
1232,R,W,-7.07,Deleterious,0,Damaging
1306,R,H,-4.42,Deleterious,0,Damaging
1309,R,H,-4.42,Deleterious,0,Damaging
1316,R,P,-6.19,Deleterious,0,Damaging
1432,R,G,-5.39,Deleterious,0.022,Damaging
1432,R,K,-2.37,Neutral,0.01,Damaging
1432,R,S,-4.55,Deleterious,0.002,Damaging
1512,R,Q,-3.68,Deleterious,0,Damaging
1512,R,W,-7.37,Deleterious,0,Damaging
1583,R,C,-7.16,Deleterious,0,Damaging
1583,R,H,-4.48,Deleterious,0,Damaging
1623,R,L,-6.17,Deleterious,0.005,Damaging
1623,R,Q,-3.57,Deleterious,0.001,Damaging
1626,R,C,-7.5,Deleterious,0.022,Damaging
1626,R,H,-4.66,Deleterious,0,Damaging
1626,R,P,-6.55,Deleterious,0.001,Damaging
1629,R,G,-6.48,Deleterious,0.001,Damaging
1629,R,Q,-3.7,Deleterious,0,Damaging
1632,R,C,-7.4,Deleterious,0,Damaging
1632,R,H,-4.63,Deleterious,0,Damaging
1632,R,L,-6.48,Deleterious,0.001,Damaging
1644,R,C,-7.27,Deleterious,0,Damaging
1644,R,H,-4.56,Deleterious,0,Damaging
1739,R,Q,-1.81,Neutral,0.016,Damaging
1739,R,W,-5.36,Deleterious,0,Damaging
1826,R,C,-4.45,Deleterious,0.025,Damaging
1826,R,H,-2.59,Deleterious,0.05,Damaging
1847,R,H,-4.24,Deleterious,0,Damaging
1897,R,Q,-2.58,Deleterious,0.002,Damaging
1897,R,W,-6.27,Deleterious,0,Damaging
1897,R,Y,-5.34,Deleterious,0,Damaging
1898,R,C,-5.73,Deleterious,0.02,Damaging
1898,R,H,-3.24,Deleterious,0.043,Damaging
1910,R,A,-5.08,Deleterious,0,Damaging
1910,R,E,-4.01,Deleterious,0.001,Damaging
1913,R,C,-7.34,Deleterious,0,Damaging
1913,R,H,-4.59,Deleterious,0,Damaging
1914,R,A,-2.09,Neutral,0.132,Tolerated
1914,R,E,-2.27,Neutral,0.084,Tolerated
1919,R,C,-5.43,Deleterious,0,Damaging
1919,R,H,-3.24,Deleterious,0.084,Tolerated
1929,R,C,-2.67,Deleterious,0.007,Damaging
1958,R,Q,-0.74,Neutral,0.164,Tolerated
1991,R,Q,-0.29,Neutral,0.091,Tolerated
2012,R,C,-1.67,Neutral,0,Damaging
2012,R,H,-1.26,Neutral,0.003,Damaging
1309,R,C,-7.07,Deleterious,0,Damaging
1847,R,C,-6.82,Deleterious,0,Damaging
533,R,C,-6.23,Deleterious,0,Damaging
526,R,C,-5.5,Deleterious,0,Damaging
27,R,C,-6.63,Deleterious,0,Damaging
14,R,C,-4.84,Deleterious,0.003,Damaging
680,R,C,-5.94,Deleterious,0,Damaging
800,R,C,-3.98,Deleterious,0.002,Damaging
568,R,C,-5.83,Deleterious,0.001,Damaging
1174,R,G,-5.32,Deleterious,0.002,Damaging
1914,R,G,-2.41,Neutral,0.298,Tolerated
811,R,G,-6.92,Deleterious,0.001,Damaging
954,R,G,3.68,Neutral,1,Tolerated
2010,R,G,-1.29,Neutral,0.005,Damaging
474,R,G,-5.4,Deleterious,0.012,Damaging
800,R,H,-0.94,Neutral,0.05,Damaging
693,R,H,-1.78,Neutral,0.119,Tolerated
533,R,H,-3.9,Deleterious,0.001,Damaging
1175,R,H,-2.58,Deleterious,0.151,Tolerated
1929,R,H,-1.22,Neutral,0.07,Tolerated
808,R,H,-4.95,Deleterious,0,Damaging
14,R,H,-1.89,Neutral,0.044,Damaging
523,R,H,-1.17,Neutral,0.195,Tolerated
458,R,H,-0.62,Neutral,0.571,Tolerated
433,R,H,-1.46,Neutral,0.001,Damaging
971,R,H,-0.31,Neutral,0.257,Tolerated
493,R,K,0.55,Neutral,1,Tolerated
474,R,K,-2.42,Neutral,0.047,Damaging
1321,R,K,-2.44,Neutral,0.054,Tolerated
1910,R,K,-1.93,Neutral,0.14,Tolerated
1512,R,L,-6.44,Deleterious,0,Damaging
1316,R,L,-6.17,Deleterious,0,Damaging
1644,R,L,-6.41,Deleterious,0,Damaging
190,R,L,-6.77,Deleterious,0,Damaging
27,R,L,-5.48,Deleterious,0,Damaging
1626,R,L,-6.55,Deleterious,0.001,Damaging
986,R,L,-0.25,Neutral,0.601,Tolerated
222,R,L,-6.83,Deleterious,0,Damaging
15,R,M,-2.17,Neutral,0.172,Tolerated
1958,R,P,-1.72,Neutral,0.034,Damaging
8,R,P,3.86,Neutral,1,Tolerated
1027,R,P,-1.57,Neutral,0.28,Tolerated
1023,R,P,-0.6,Neutral,0.369,Tolerated
513,R,P,0.22,Neutral,0.211,Tolerated
1316,R,Q,-3.54,Deleterious,0,Damaging
1944,R,Q,-0.94,Neutral,0.073,Tolerated
8,R,Q,0.23,Neutral,0.031,Damaging
975,R,Q,-0.99,Neutral,0.26,Tolerated
481,R,Q,-1.82,Neutral,0.13,Tolerated
661,R,Q,-3.93,Deleterious,0.011,Damaging
659,R,Q,-2.73,Deleterious,0.008,Damaging
1303,R,Q,-3.53,Deleterious,0,Damaging
569,R,Q,-2.65,Deleterious,0.032,Damaging
1638,R,Q,-2.18,Neutral,0.002,Damaging
869,R,S,-2.65,Deleterious,0.001,Damaging
1913,R,S,-5.47,Deleterious,0,Damaging
533,R,S,-4.36,Deleterious,0.036,Damaging
1362,R,S,-2.61,Deleterious,0.032,Damaging
1306,R,S,-5.29,Deleterious,0,Damaging
523,R,S,-3.27,Deleterious,0.037,Damaging
14,R,S,-2.83,Deleterious,0.029,Damaging
433,R,S,-1.34,Neutral,0.002,Damaging
1982,R,T,-4.01,Deleterious,0.007,Damaging
15,R,T,-2.58,Deleterious,0.353,Tolerated
1193,R,W,-3.98,Deleterious,0.011,Damaging
1174,R,W,-6.21,Deleterious,0.004,Damaging
1991,R,W,-2.93,Deleterious,0.003,Damaging
1303,R,W,-7.08,Deleterious,0,Damaging
659,R,W,-6.29,Deleterious,0.001,Damaging
20,S,A,-2.7,Deleterious,0,Damaging
115,S,G,-3.53,Deleterious,0.058,Tolerated
216,S,L,-5.84,Deleterious,0,Damaging
,,,,,,
262,S,G,-3.9,Deleterious,0.002,Damaging
321,S,Y,-2.55,Deleterious,0.02,Damaging
401,S,A,-2.94,Deleterious,0,Damaging
401,S,C,-4.91,Deleterious,0,Damaging
401,S,D,-3.92,Deleterious,0,Damaging
401,S,E,-3.92,Deleterious,0,Damaging
401,S,F,-5.89,Deleterious,0,Damaging
401,S,G,-3.92,Deleterious,0,Damaging
401,S,K,-3.92,Deleterious,0,Damaging
401,S,L,-5.89,Deleterious,0,Damaging
401,S,N,-2.94,Deleterious,0,Damaging
401,S,P,-4.91,Deleterious,0,Damaging
401,S,R,-4.91,Deleterious,0,Damaging
401,S,W,-6.87,Deleterious,0,Damaging
483,S,A,-1.93,Neutral,0.057,Tolerated
516,S,A,-1.38,Neutral,0.148,Tolerated
516,S,E,-1.32,Neutral,0.283,Tolerated
519,S,F,0.33,Neutral,0.534,Tolerated
524,S,Y,-2.55,Deleterious,0.003,Damaging
528,S,A,-2.94,Deleterious,0.001,Damaging
571,S,A,-1.97,Neutral,0.136,Tolerated
571,S,E,-2.26,Neutral,0.017,Damaging
571,S,I,-4.29,Deleterious,0.002,Damaging
593,S,A,-2.11,Neutral,0.005,Damaging
664,S,G,-3.93,Deleterious,0.005,Damaging
705,S,F,-3.05,Deleterious,0.001,Damaging
799,S,A,0.2,Neutral,1,Tolerated
835,S,L,-5.94,Deleterious,0,Damaging
,,,,,,
910,S,L,-2.62,Deleterious,0.001,Damaging
941,S,F,-5.86,Deleterious,0,Damaging
941,S,N,-2.93,Deleterious,0,Damaging
1074,S,G,-2.31,Neutral,0.025,Damaging
1074,S,R,-1.77,Neutral,0.01,Damaging
1079,S,F,-0.91,Neutral,0.009,Damaging
1079,S,Y,-0.95,Neutral,0.007,Damaging
1103,S,Y,-1.82,Neutral,0.021,Damaging
1135,S,I,-3.2,Deleterious,0,Damaging
1140,S,T,-2.51,Deleterious,0.002,Damaging
1218,S,I,-5.86,Deleterious,0,Damaging
1219,S,N,-2.93,Deleterious,0,Damaging
1285,S,G,-3.46,Deleterious,0,Damaging
1333,S,Y,-5.84,Deleterious,0,Damaging
1382,S,I,-4.4,Deleterious,0,Damaging
1458,S,Y,-5.24,Deleterious,0,Damaging
1503,S,A,-2.76,Deleterious,0.005,Damaging
1553,S,R,-4.23,Deleterious,0,Damaging
1609,S,L,-3.36,Deleterious,0.001,Damaging
1609,S,W,-4.78,Deleterious,0,Damaging
1672,S,Y,-4.16,Deleterious,0.041,Damaging
1700,S,G,-3.7,Deleterious,0,Damaging
1710,S,L,-5.55,Deleterious,0,Damaging
1759,S,A,-2.76,Deleterious,0.001,Damaging
1759,S,D,-3.69,Deleterious,0,Damaging
1759,S,K,-3.69,Deleterious,0,Damaging
1759,S,L,-5.53,Deleterious,0,Damaging
1759,S,W,-6.45,Deleterious,0,Damaging
1787,S,G,-2.62,Deleterious,0.146,Tolerated
1787,S,N,-2.32,Neutral,0.003,Damaging
1904,S,L,-5.55,Deleterious,0,Damaging
1937,S,F,-1.05,Neutral,0.066,Tolerated
1964,S,F,-2.82,Deleterious,0.001,Damaging
1282,S,A,-2.62,Deleterious,0.001,Damaging
835,S,A,-2.97,Deleterious,0,Damaging
873,S,A,-1.56,Neutral,0.024,Damaging
1937,S,A,-0.19,Neutral,0.753,Tolerated
1096,S,C,-0.74,Neutral,0.019,Damaging
1083,S,C,-0.25,Neutral,0.164,Tolerated
1759,S,C,-4.57,Deleterious,0.05,Damaging
1431,S,C,-4.74,Deleterious,0,Damaging
1976,S,C,-4.56,Deleterious,0,Damaging
1920,S,C,-2.8,Deleterious,0.002,Damaging
497,S,C,-3.55,Deleterious,0.007,Damaging
671,S,C,-4.27,Deleterious,0,Damaging
309,S,C,-2.89,Deleterious,0.01,Damaging
1103,S,F,-1.87,Neutral,0.001,Damaging
1925,S,F,-3.85,Deleterious,0,Damaging
1738,S,F,-2.32,Neutral,0.264,Tolerated
20,S,F,-5.51,Deleterious,0,Damaging
330,S,F,-5.29,Deleterious,0,Damaging
1109,S,G,-1.36,Neutral,0.031,Damaging
88,S,G,-2.24,Neutral,0.27,Tolerated
1096,S,G,-0.44,Neutral,0.135,Tolerated
1066,S,G,-1.1,Neutral,0.187,Tolerated
459,S,G,-2.57,Deleterious,0.21,Tolerated
1965,S,G,-2.59,Deleterious,0.028,Damaging
525,S,G,-3.73,Deleterious,0.002,Damaging
1744,S,I,-4.33,Deleterious,0,Damaging
554,S,I,-3.91,Deleterious,0.019,Damaging
634,S,L,-1.53,Neutral,0.032,Damaging
805,S,L,-5.88,Deleterious,0,Damaging
866,S,L,-2.11,Neutral,0.024,Damaging
1812,S,L,-3.87,Deleterious,0.093,Tolerated
581,S,L,-0.21,Neutral,0.248,Tolerated
554,S,N,0.97,Neutral,0.693,Tolerated
1965,S,N,-1.26,Neutral,0.024,Damaging
577,S,N,-0.87,Neutral,0.066,Tolerated
1996,S,N,-0.73,Neutral,0.08,Tolerated
943,S,N,-2.93,Deleterious,0,Damaging
616,S,N,-0.68,Neutral,0.054,Tolerated
309,S,N,0.84,Neutral,1,Tolerated
940,S,N,-1.33,Neutral,0.217,Tolerated
1957,S,P,-1.73,Neutral,0.035,Damaging
866,S,P,-1.65,Neutral,0.014,Damaging
705,S,P,-1.53,Neutral,0.002,Damaging
1834,S,R,-0.3,Neutral,0.046,Damaging
1985,S,R,-1.06,Neutral,0.011,Damaging
1996,S,R,0.15,Neutral,0.078,Tolerated
1718,S,R,-2.83,Deleterious,0.016,Damaging
528,S,R,-4.77,Deleterious,0.01,Damaging
11,S,R,-1.51,Neutral,0.003,Damaging
1738,S,T,-0.81,Neutral,0.228,Tolerated
384,S,T,-1.47,Neutral,0.014,Damaging
106,S,T,-2.53,Deleterious,0.072,Tolerated
1079,S,T,-0.43,Neutral,0.167,Tolerated
199,S,T,-0.61,Neutral,0.259,Tolerated
1218,S,T,-2.93,Deleterious,0,Damaging
634,S,W,-2.71,Deleterious,0.001,Damaging
1503,S,Y,-5.41,Deleterious,0,Damaging
101,T,I,-4.05,Deleterious,0.002,Damaging
187,T,I,-5.49,Deleterious,0,Damaging
220,T,I,-5.85,Deleterious,0,Damaging
220,T,N,-4.88,Deleterious,0,Damaging
320,T,N,-2.36,Neutral,0.031,Damaging
353,T,I,-5.86,Deleterious,0,Damaging
370,T,M,-5.89,Deleterious,0,Damaging
449,T,A,0.84,Neutral,0.627,Tolerated
512,T,I,-0.56,Neutral,0.15,Tolerated
559,T,I,-2.51,Deleterious,0.038,Damaging
570,T,N,0.73,Neutral,0.675,Tolerated
594,T,A,-1.95,Neutral,0.391,Tolerated
594,T,E,-3.08,Deleterious,0.082,Tolerated
630,T,M,-2.27,Neutral,0.044,Damaging
632,T,M,-2.64,Deleterious,0.006,Damaging
731,T,I,-5.7,Deleterious,0,Damaging
843,T,A,-4.94,Deleterious,0,Damaging
1016,T,M,-0.12,Neutral,0.146,Tolerated
1069,T,M,-2.68,Deleterious,0.017,Damaging
1131,T,I,-0.28,Neutral,0.186,Tolerated
1209,T,R,-4.54,Deleterious,0,Damaging
1247,T,I,-5.63,Deleterious,0,Damaging
1304,T,M,-5.3,Deleterious,0,Damaging
1461,T,S,-3.82,Deleterious,0.001,Damaging
1488,T,R,-5.46,Deleterious,0,Damaging
1526,T,P,-4.59,Deleterious,0.01,Damaging
1544,T,P,-5.48,Deleterious,0,Damaging
1620,T,H,-6.11,Deleterious,0,Damaging
1620,T,K,-5.35,Deleterious,0,Damaging
1620,T,M,-5.32,Deleterious,0,Damaging
1620,T,R,-5.35,Deleterious,0,Damaging
1645,T,M,-5.59,Deleterious,0,Damaging
1708,T,N,-4.46,Deleterious,0,Damaging
1709,T,M,-5.55,Deleterious,0,Damaging
1709,T,R,-5.55,Deleterious,0,Damaging
1723,T,N,-1.58,Neutral,0.048,Damaging
1779,T,M,-5.55,Deleterious,0,Damaging
1753,T,A,-1.32,Neutral,0.005,Damaging
37,T,A,0.21,Neutral,0.37,Tolerated
486,T,A,-0.38,Neutral,0.272,Tolerated
742,T,A,-4.13,Deleterious,0.002,Damaging
1056,T,A,-0.66,Neutral,0.034,Damaging
531,T,A,-1.01,Neutral,0.005,Damaging
1183,T,I,0.61,Neutral,1,Tolerated
1169,T,I,-5.35,Deleterious,0.001,Damaging
1147,T,I,-1.91,Neutral,0.009,Damaging
1588,T,I,-4.9,Deleterious,0.015,Damaging
157,T,I,-3.78,Deleterious,0.001,Damaging
1708,T,I,-5.45,Deleterious,0,Damaging
1533,T,I,-2.08,Neutral,0.854,Tolerated
1895,T,I,-5.55,Deleterious,0,Damaging
1984,T,I,-1.16,Neutral,0.177,Tolerated
1007,T,I,-1.32,Neutral,0.122,Tolerated
531,T,I,-3.17,Deleterious,0.001,Damaging
92,T,I,-5.19,Deleterious,0.024,Damaging
1606,T,I,0.35,Neutral,0.067,Tolerated
724,T,I,-5.7,Deleterious,0,Damaging
285,T,K,-3.09,Deleterious,0.022,Damaging
1147,T,N,-1.09,Neutral,0.021,Damaging
1268,T,N,-4.87,Deleterious,0,Damaging
1007,T,N,2.07,Neutral,1,Tolerated
559,T,R,-1.14,Neutral,0.087,Tolerated
1147,T,S,-0.35,Neutral,0.14,Tolerated
1131,T,S,-0.5,Neutral,0.715,Tolerated
1268,T,S,-3.9,Deleterious,0,Damaging
187,T,S,-3.43,Deleterious,0.015,Damaging
10,T,S,-0.88,Neutral,0.02,Damaging
486,T,S,0.46,Neutral,0.491,Tolerated
95,V,I,-0.95,Neutral,0.022,Damaging
113,V,I,0.72,Neutral,1,Tolerated
125,V,L,-1.33,Neutral,0.003,Damaging
146,V,M,-2.41,Neutral,0.001,Damaging
223,V,L,-2.93,Deleterious,0.023,Damaging
232,V,I,-0.98,Neutral,0.001,Damaging
240,V,M,-2.93,Deleterious,0,Damaging
247,V,L,-2.93,Deleterious,0.001,Damaging
258,V,A,-3.83,Deleterious,0.025,Damaging
263,V,I,-0.98,Neutral,0.052,Tolerated
281,V,M,-1.52,Neutral,0.018,Damaging
294,V,M,-0.1,Neutral,0.174,Tolerated
300,V,I,-0.18,Neutral,0.544,Tolerated
396,V,A,-3.92,Deleterious,0,Damaging
396,V,L,-2.94,Deleterious,0.001,Damaging
411,V,M,-2.94,Deleterious,0,Damaging
412,V,D,-6.87,Deleterious,0,Damaging
601,V,A,-2.48,Neutral,0.002,Damaging
728,V,I,-0.95,Neutral,0.045,Damaging
751,V,I,-0.58,Neutral,0.251,Tolerated
789,V,I,-0.99,Neutral,0.015,Damaging
924,V,I,-0.82,Neutral,0.001,Damaging
930,V,A,-3.65,Deleterious,0.001,Damaging
930,V,C,-4.56,Deleterious,0,Damaging
930,V,K,-5.48,Deleterious,0,Damaging
930,V,Q,-5.48,Deleterious,0,Damaging
1082,V,A,-0.41,Neutral,0.489,Tolerated
1098,V,L,0.35,Neutral,1,Tolerated
1202,V,M,-2.94,Deleterious,0,Damaging
1249,V,D,-6.08,Deleterious,0,Damaging
1251,V,M,-2.27,Neutral,0,Damaging
1279,V,I,-0.95,Neutral,0.017,Damaging
1281,V,F,-4.23,Deleterious,0,Damaging
1323,V,G,-6.76,Deleterious,0,Damaging
1328,V,M,-1.96,Neutral,0.001,Damaging
1340,V,I,-0.97,Neutral,0,Damaging
1353,V,M,-2.92,Deleterious,0,Damaging
1378,V,M,-2.53,Deleterious,0,Damaging
1405,V,L,-2.92,Deleterious,0.001,Damaging
1405,V,M,-2.92,Deleterious,0,Damaging
1451,V,D,-6.65,Deleterious,0,Damaging
1468,V,F,-4.79,Deleterious,0,Damaging
1525,V,M,-2.57,Deleterious,0,Damaging
1532,V,I,0.36,Neutral,1,Tolerated
1597,V,M,-2.51,Deleterious,0,Damaging
1604,V,M,-2.21,Neutral,0.006,Damaging
1624,V,I,-0.89,Neutral,0.051,Tolerated
1667,V,I,-0.96,Neutral,0.001,Damaging
1747,V,M,-2.62,Deleterious,0.054,Tolerated
1763,V,C,-4.62,Deleterious,0,Damaging
1763,V,L,-2.77,Deleterious,0.001,Damaging
1763,V,M,-2.77,Deleterious,0.004,Damaging
1764,V,D,-6.47,Deleterious,0,Damaging
1764,V,F,-4.62,Deleterious,0,Damaging
1764,V,M,-2.77,Deleterious,0,Damaging
1777,V,L,-2.7,Deleterious,0.001,Damaging
1777,V,M,-2.7,Deleterious,0,Damaging
1861,V,I,-0.93,Neutral,0,Damaging
1951,V,L,0.24,Neutral,0.187,Tolerated
1951,V,M,1.45,Neutral,0.641,Tolerated
1980,V,A,-3.65,Deleterious,0.001,Damaging
2016,V,M,-0.41,Neutral,0.001,Damaging
1051,V,A,-2.48,Neutral,0.113,Tolerated
1525,V,A,-3.38,Deleterious,0.016,Damaging
1543,V,A,-3.6,Deleterious,0,Damaging
146,V,A,-3.42,Deleterious,0.061,Tolerated
1598,V,A,-3.62,Deleterious,0.001,Damaging
714,V,A,-3.8,Deleterious,0.001,Damaging
1181,V,A,-3.42,Deleterious,0.006,Damaging
113,V,A,-3.03,Deleterious,0.001,Damaging
789,V,A,-3.96,Deleterious,0,Damaging
1468,V,A,-3.8,Deleterious,0.001,Damaging
714,V,D,-6.62,Deleterious,0,Damaging
1173,V,D,-6.19,Deleterious,0,Damaging
1861,V,F,-4.62,Deleterious,0,Damaging
1532,V,F,-3.08,Deleterious,0.007,Damaging
1237,V,F,-2.65,Deleterious,0.002,Damaging
1980,V,F,-4.56,Deleterious,0,Damaging
1190,V,F,-1.65,Neutral,0.194,Tolerated
751,V,F,-3.99,Deleterious,0,Damaging
232,V,F,-4.88,Deleterious,0,Damaging
563,V,G,-5.22,Deleterious,0.009,Damaging
469,V,I,-0.86,Neutral,0.055,Tolerated
1400,V,I,-0.71,Neutral,0.246,Tolerated
668,V,I,0.28,Neutral,1,Tolerated
174,V,I,0.15,Neutral,1,Tolerated
922,V,I,-0.89,Neutral,0,Damaging
1181,V,L,-2.42,Neutral,0.02,Damaging
1543,V,L,-2.34,Neutral,0.002,Damaging
1990,V,L,-0.37,Neutral,0.58,Tolerated
1547,V,L,-2.67,Deleterious,0.036,Damaging
95,V,L,-2.84,Deleterious,0.006,Damaging
2016,V,L,-0.5,Neutral,0.006,Damaging
1451,V,L,-2.86,Deleterious,0.001,Damaging
856,V,L,-2.97,Deleterious,0.001,Damaging
,,,,,,
1398,V,M,-2.74,Deleterious,0,Damaging
1903,V,M,-2.15,Neutral,0.11,Tolerated
1045,V,M,-2.39,Neutral,0.049,Damaging
1098,V,M,-0.19,Neutral,0.112,Tolerated
850,V,M,-2.97,Deleterious,0,Damaging
456,V,M,0.08,Neutral,0.128,Tolerated
1181,V,M,-2.53,Deleterious,0.001,Damaging
806,V,M,-2.97,Deleterious,0,Damaging
836,V,M,-2.8,Deleterious,0.054,Tolerated
453,V,M,-0.63,Neutral,0.253,Tolerated
374,W,G,-12.75,Deleterious,0,Damaging
822,W,C,-12.87,Deleterious,0,Damaging
879,W,R,-13.52,Deleterious,0,Damaging
1095,W,C,-0.88,Neutral,0.18,Tolerated
1206,W,C,-12.72,Deleterious,0,Damaging
1271,W,C,-12.66,Deleterious,0,Damaging
1345,W,C,-12.67,Deleterious,0,Damaging
1798,W,A,-12.95,Deleterious,0,Damaging
1798,W,E,-12.95,Deleterious,0,Damaging
1798,W,F,-9.25,Deleterious,0,Damaging
1798,W,L,-12.02,Deleterious,0,Damaging
1273,W,C,-12.65,Deleterious,0,Damaging
1684,W,R,0.2,Neutral,0.868,Tolerated
156,W,R,-10.97,Deleterious,0,Damaging
1115,W,R,-1.32,Neutral,0.323,Tolerated
193,W,R,-13.55,Deleterious,0,Damaging
68,Y,A,-8.13,Deleterious,0.001,Damaging
68,Y,F,-3.52,Deleterious,0.025,Damaging
87,Y,C,-8.26,Deleterious,0,Damaging
87,Y,F,-3.63,Deleterious,0.003,Damaging
112,Y,F,-3.15,Deleterious,0.072,Tolerated
168,Y,F,-3.85,Deleterious,0.053,Tolerated
352,Y,C,-8.65,Deleterious,0,Damaging
416,Y,C,-8.83,Deleterious,0,Damaging
,,,,,,
1199,Y,S,-7.97,Deleterious,0,Damaging
1228,Y,H,-4.52,Deleterious,0.051,Tolerated
1409,Y,C,-8.77,Deleterious,0,Damaging
1449,Y,C,-8.59,Deleterious,0,Damaging
1449,Y,S,-8.59,Deleterious,0.001,Damaging
1494,Y,A,-8.27,Deleterious,0.011,Damaging
1494,Y,N,-8.27,Deleterious,0,Damaging
1495,Y,A,-8.28,Deleterious,0,Damaging
1495,Y,F,-3.68,Deleterious,0.013,Damaging
1495,Y,S,-8.28,Deleterious,0,Damaging
1767,Y,C,-8.31,Deleterious,0.005,Damaging
1795,Y,A,-8.32,Deleterious,0,Damaging
1795,Y,C,-8.32,Deleterious,0,Damaging
1795,Y,E,-8.32,Deleterious,0,Damaging
1795,Y,F,-3.7,Deleterious,0,Damaging
1795,Y,H,-4.62,Deleterious,0,Damaging
1795,Y,N,-8.32,Deleterious,0,Damaging
1795,Y,R,-8.32,Deleterious,0,Damaging
1795,Y,S,-8.32,Deleterious,0,Damaging
,,,,,,
1811,Y,F,-0.27,Neutral,0.77,Tolerated
1811,Y,N,-6.85,Deleterious,0,Damaging
,,,,,,
1889,Y,F,-3.53,Deleterious,0.014,Damaging
1950,Y,F,-0.06,Neutral,0.761,Tolerated
1950,Y,H,-0.53,Neutral,0.416,Tolerated
,,,,,,
1977,Y,F,-3.65,Deleterious,0.002,Damaging
1977,Y,N,-8.22,Deleterious,0,Damaging
1995,Y,F,-0.68,Neutral,0.356,Tolerated
694,Y,C,-4.38,Deleterious,0.257,Tolerated
1585,Y,C,-8.05,Deleterious,0,Damaging
68,Y,C,-8.17,Deleterious,0,Damaging
162,Y,C,-7.74,Deleterious,0,Damaging
1442,Y,C,-1.33,Neutral,0.136,Tolerated
1228,Y,C,-8.67,Deleterious,0,Damaging
1889,Y,C,-8.11,Deleterious,0,Damaging
159,Y,C,-2.77,Deleterious,0.05,Damaging
1950,Y,C,-1.94,Neutral,0.136,Tolerated
774,Y,C,-8.74,Deleterious,0,Damaging
112,Y,C,-7.36,Deleterious,0.001,Damaging
774,Y,D,-9.73,Deleterious,0,Damaging
1228,Y,F,-3.88,Deleterious,0,Damaging
1681,Y,F,-3.62,Deleterious,0,Damaging
1445,Y,H,-4.72,Deleterious,0,Damaging
1375,Y,H,-0.53,Neutral,0.298,Tolerated
162,Y,H,-4.53,Deleterious,0.01,Damaging
389,Y,H,-4.91,Deleterious,0,Damaging
1442,Y,N,0.78,Neutral,0.388,Tolerated
