chrom,pos,ref,alt,transcript,var,resnum,nativeAA,mutAA,mut_type,celltype,lqt3,brs1,unaff,other,pubids,center,gnomAD,gnomAD_seq,ipeak,vhalfact,vhalfinact,tauinact,recovfrominact,ilate,eaRate,blastpssm,pamscore,aasimilaritymat,ipeak_dist,ilate_dist,vhalfinact_dist,vhalfact_dist,recovfrominact_dist,prediction,pph2_prob,pph2_FPR,pph2_TPR,NeighborCount,NeighborVector,aa_pair_interaction6,aa_pair_interaction1,aaneigh_rank_sses,aaneigh,aaneighvector,provean_score,PREDICTION_provean,SIFT_score,PREDICTION_sift,total_carriers,aaneigh_rank_inc_loops,p_observed,w,p_empirical,p_variance_w,p_mean_w,feat_dist_w,feat_dist_weight_w,weight_r,alpha_1_w,beta_1_w,alpha_g,beta_g,brs1_penetrance,lqt3_penetrance,Function,Structure
chr3,38581161,CAG,-,1000p.Glndel,p.Gln1000del,1000,p.Gln,del,aadel,0,0,0,0,0,,,9,273026,,,,,,,,,,,,,,,,,,,,,,,,,,,,,,,9,,0,0.889012209,0.029909602,0.005813898,0.077032962,0.076505019,0.96658359,172.001647,0.366457931,11.88572553,1.46494698,17.53505302,0.052319535,0.02988731,,Non_Hotspot
chr3,38580969,GAG,-,1064p.Edel,p.E1064del,1064,p.E,del,aadel,0,0,0,0,0,,,2,279656,,,,,,,,,,,,,,,,,,,,,,,,,,,,,,,2,,0,0.502487562,0.069772493,0.01038106,0.080167104,0.079302838,0.42108052,96.32927628,0.366457931,4.885725529,1.52346149,17.47653851,0.072545785,0.069767442,,Non_Hotspot
chr3,38580945,GAG,-,1072p.Edel,p.E1072del,1072,p.E,del,aadel,0,0,0,0,0,,,3,244388,,,,,,,,,,,,,,,,,,,,,,,,,,,,,,,3,,0,0.667774086,0.058612792,0.007608375,0.071163777,0.071132037,0.405550163,131.4341065,0.366457931,5.885725529,1.352574662,17.64742534,0.061480666,0.058597502,,Non_Hotspot
chr3,38575329,ATC,-,1212p.Idel,p.I1212del,1212,p.I,del,aadel,0,1,1,0,0,,,0,,,,,,,,,,,,,,,,,,,,,9.27587,0.211263,,,,,,,,,,2,,0.5,0.502487562,0.260169497,0.030786258,0.095041629,0.092749568,0.370569981,32.48202545,1.366457931,3.885725529,1.804690861,17.19530914,0.133556708,0.260388868,,Non_Hotspot
chr3,38560377,CTC,-,1339p.Ldel,p.L1339del,1339,p.L,del,aadel,0,1,0,0,0,,,1,251416,,,,,,,,,,,,,,,,,,,,8.258,0.387804,,,,,,,,,,2,,0.5,0.502487562,0.069772493,0.01038106,0.125712145,0.120676438,0.792130368,96.32927628,0.366457931,4.885725529,2.388762673,16.61123733,0.113750603,0.260388868,,Mild_Hotspot
chr3,38560254,AAC,-,1380p.Ndel,p.N1380del,1380,p.N,del,aadel,1,0,2,0,5,,,0,,0,,,,,,,,,,,,,,,,,,,8.20335,0.402834,,,,,,,,,,2,,0,0.502487562,0.450566502,0.03959518,0.419611847,0.353956122,0.850663246,25.25559931,2.366457931,2.885725529,7.971491594,11.02850841,0.474832933,0.069767442,LOF,Mild_Hotspot
chr3,38556464,AAC,-,1472p.Ndel,p.N1472del,1472,p.N,del,aadel,1,4,0,0,0,,,0,,0.465487239,15.5,12.4,,0.632352941,26,,,,,,,,,,,,,,11.848,0.192218,,,,,,,,,,4,,1,0.750623441,0.050530703,0.005813898,0.135664263,0.094647422,1.200008472,172.001647,0.366457931,6.885725529,2.577910238,16.42208976,0.112083054,0.602539332,Partial_LOF,Non_Hotspot
chr3,38555742,TTC,-,1486p.Fdel,p.F1486del,1486,p.F,del,aadel,1,1,0,0,0,,,0,,0.2,0,10,,,29.57142857,,,,,,,,,,,,,,7.48246,0.337828,,,,,,,,,,1,,1,0.00990099,0.08618112,0.014994513,0.153308258,0.085710922,0.769894586,66.69106136,0.366457931,3.885725529,2.913008718,16.08699128,0.145650436,0.321714555,Partial_LOF,Non_Hotspot
chr3,38555721,AAG,-,1493p.Kdel,p.K1493del,1493,p.K,del,aadel,1,0,2,1,10,,,0,,0.194029851,0,0,,0.426966292,,,,,,,,,,,,,,,10.9806,0.076037,,,,,,,,,,3,,0,0.667774086,0.378501038,0.032436852,0.137054741,0.067288246,0.905244609,30.82913215,2.366457931,3.885725529,2.60206586,16.39793414,0.209184812,0.058597502,Partial_LOF,Non_Hotspot
chr3,38555700,AAG,-,1500p.Kdel,p.K1500del,1500,p.K,del,aadel,0,1,0,0,0,,,0,,,,,,,,,,,,,,,,,,,,,10.192,0.203147,,,,,,,,,,1,,1,0.00990099,0.08618112,0.014994513,0.097620854,0.095151383,0.530118468,66.69106136,0.366457931,3.885725529,1.854923211,17.14507679,0.092746161,0.321714555,,Non_Hotspot
chr3,38555697,CTGGGCTCCAAGAAG,-,1501NANA,p.L1501_K1505del,1501,,,aadel,0,1,0,0,0,,,0,,,,,,,,,,,,,,,,,,,,,10.0441,0.122614,,,,,,,,,,1,,1,0.00990099,0.08618112,0.014994513,0.122000874,0.117299339,1.201470176,66.69106136,0.366457931,3.885725529,2.318132908,16.68186709,0.115906645,0.321714555,,Mild_Hotspot
chr3,38555685,AAGCCCCAG,-,1505NANA,p.K1505_Q1507del,1505,,,aadel,1,27,0,0,0,,,0,,0.814285714,6.4,-8.8,,,3.015873016,,,,,,,,,,,,,,4.41577,0.582094,,,,,,,,,,27,,1,0.962976675,0.012113437,0.005813898,0.149459813,0.146608072,0.935914465,172.001647,0.366457931,29.88572553,2.840616678,16.15938332,0.061752536,0.904780797,GOF,Mild_Hotspot
chr3,38555679,CAGAAGCCC,-,1507NANA,p.Q1507_P1509del,1507,,,aadel,0,85,0,2,0,,,0,,,,,,,,,,,,,,,,,,,,,8.04112,0.394149,,,,,,,,,,87,,0.977011494,0.988507068,0.004060377,0.005813898,0.234369638,0.220577097,0.501921997,172.001647,0.366457931,89.88572553,4.478118147,14.52188185,0.042246398,0.945925581,,Mild_Hotspot
chr3,38551523,TTC,-,1617p.Fdel,p.F1617del,1617,p.F,del,aadel,0,29,6,11,3,,,5,250930,,,,,,,,,,,,,,,,,,,,8.48217,0.305758,,,,,,,,,,51,,0.568627451,0.980396001,0.11734934,0.005813898,0.11190257,0.108104897,0.407282643,172.001647,6.366457931,47.88572553,2.125837308,16.87416269,0.11608339,0.541348671,,Mild_Hotspot
chr3,38551247,ACG,-,1709p.Tdel,p.T1709del,1709,p.T,del,aadel,0,0,1,0,0,,,0,,,,,,,,,,,,,,,,,,,,,10.1923,0.160631,,,,,,,,,,1,,0,0.00990099,0.321354416,0.041522875,0.289067049,0.269005407,1.566287475,24.08311105,1.366457931,2.885725529,5.490963863,13.50903614,0.324548193,0.086198775,,Mild_Hotspot
chr3,38551130,GGC,-,1748p.Gdel,p.G1748del,1748,p.G,del,aadel,0,1,0,0,0,,,0,,,,,,,,,,,,,,,,,,,,,12.1096,0.099609,,,,,,,,,,1,,1,0.00990099,0.08618112,0.014994513,0.210049799,0.197293646,1.138970685,66.69106136,0.366457931,3.885725529,3.991160336,15.00883966,0.199558017,0.321714555,,Mild_Hotspot
chr3,38551100,ATC,-,1758p.Idel,p.I1758del,1758,p.I,del,aadel,0,3,0,0,0,,,0,,,,,,,,,,,,,,,,,,,,,9.04623,0.358566,,,,,,,,,,3,,1,0.667774086,0.058612792,0.007608375,0.092964904,0.090934266,1.056100177,131.4341065,0.366457931,5.885725529,1.766725039,17.23327496,0.080305684,0.538904899,,Non_Hotspot
chr3,38551088,ATC,-,1762p.Idel,p.I1762del,1762,p.I,del,aadel,0,1,0,0,0,,,0,,,,,,,,,,,,,,,,,,,,,11.5804,0.166411,,,,,,,,,,1,,1,0.00990099,0.08618112,0.014994513,0.088416455,0.086789851,1.492811154,66.69106136,0.366457931,3.885725529,1.680047361,17.31995264,0.084002368,0.321714555,,Non_Hotspot
chr3,38551004,GAC,-,1790p.Ddel,p.D1790del,1790,p.D,del,aadel,0,1,0,0,0,,,0,,,,,,,,,,,,,,,,,,,,,11.126,0.127931,,,,,,,,,,1,,1,0.00990099,0.08618112,0.014994513,0.047397141,0.049527849,1.609759201,66.69106136,0.366457931,3.885725529,0.900737522,18.09926248,0.045036876,0.321714555,,Non_Hotspot
chr3,38550557,GAGGATGCCCCTGAG,-,1939NANA,p.E1939_E1943del,1939,,,aadel,0,0,0,0,0,,,1,248406,,,,,,,,,,,,,,,,,,,,,,,,,,,,,,,1,,0,0.00990099,0.08618112,0.014994513,0.106707846,0.103406352,0.367937928,66.69106136,0.366457931,3.885725529,2.027570373,16.97242963,0.101378519,0.086198775,,Mild_Hotspot
chr3,38550464,TCCACTTCC,-,1970NANA,p.S1970_S1972del,1970,,,aadel,0,0,0,0,0,,,2,274718,,,,,,,,,,,,,,,,,,,,,,,,,,,,,,,2,,0,0.502487562,0.069772493,0.01038106,0.085536648,0.084180348,0.454263661,96.32927628,0.366457931,4.885725529,1.625471346,17.37452865,0.077403397,0.069767442,,Non_Hotspot
chr3,38550356,CCT,-,2006p.Prodel,p.Pro2006del,2006,p.Pro,del,aadel,0,0,0,0,0,,,1,193756,,,,,,,,,,,,,,,,,,,,,,,,,,,,,,,1,,0,0.00990099,0.08618112,0.014994513,0.074343315,0.074005597,1.870330107,66.69106136,0.366457931,3.885725529,1.412673234,17.58732677,0.070633662,0.086198775,,Non_Hotspot
chr3,38609800,ACCAACGGC,-,290NANA,p.T290_G292del,290,,,aadel,0,0,0,0,0,,,1,249096,,,,,,,,,,,,,,,,,,,,,,,,,,,,,,,1,,0,0.00990099,0.08618112,0.014994513,0.077367574,0.076752861,0.914447491,66.69106136,0.366457931,3.885725529,1.47013044,17.52986956,0.073506522,0.086198775,,Non_Hotspot
chr3,38606004,GAG,-,429p.Edel,p.E429del,429,p.E,del,aadel,0,1,0,0,0,,,2,248650,,,,,,,,,,,,,,,,,,,,,,,,,,,,,,,3,,0.333333333,0.667774086,0.058612792,0.007608375,0.111068351,0.10737904,0.911856369,131.4341065,0.366457931,5.885725529,2.110656474,16.88934353,0.095938931,0.218699968,,Mild_Hotspot
chr3,38603846,GCCCTC,-,586NANA,p.586_587delAL,586,,,aadel,0,1,0,0,0,,,0,,,,,,,,,,,,,,,,,,,,,,,,,,,,,,,,1,,1,0.00990099,0.08618112,0.014994513,0.116718867,0.112500856,1.32051809,66.69106136,0.366457931,3.885725529,2.217775835,16.78222417,0.110888792,0.321714555,,Mild_Hotspot
chr3,38603846,GCCCTC,-,586NANA,p.586_587delAL,586,,,aadel,0,1,0,0,0,,,37,248138,,,,,,,,,,,,,,,,,,,,,,,,,,,,,,,38,,0.026315789,0.973691134,0.008883358,0.005813898,0.11649077,0.112500856,1.32051809,172.001647,0.366457931,40.88572553,2.217775835,16.78222417,0.038908348,0.033118363,,Mild_Hotspot
chr3,38597806,CTC,-,729p.Ldel,p.L729del,729,p.L,del,aadel,0,0,1,0,1,,,0,,,,,,,,,,,,,,,,,,,,,7.91421,0.452864,,,,,,,,,,1,,0,0.00990099,0.321354416,0.041522875,0.17559549,0.165949554,0.332577663,24.08311105,1.366457931,2.885725529,3.335619616,15.66438038,0.216780981,0.086198775,,Mild_Hotspot
chr3,38597773,AAC,-,740p.Ndel,p.N740del,740,p.N,del,aadel,0,0,1,0,0,,,0,,,,,,,,,,,,,,,,,,,,,4.95014,0.596746,,,,,,,,,,1,,0,0.00990099,0.321354416,0.041522875,0.290570854,0.270371007,0.159759814,24.08311105,1.366457931,2.885725529,5.519524477,13.48047552,0.325976224,0.086198775,,Mild_Hotspot
chr3,38597768,GACA,T,741NANA,p.M741_T742delinsI,741,,,aadel,0,0,2,0,0,,,0,,0,,,,,,,,,,,,,,,,,,,7.22959,0.38394,,,,,,,,,,2,,0,0.502487562,0.450566502,0.03959518,0.300338557,0.224307442,0.294360064,25.25559931,2.366457931,2.885725529,5.705497457,13.29450254,0.36692845,0.069767442,LOF,Mild_Hotspot
chr3,38597768,GACA,C,741NANA,p.M741_T742delinsI,741,,,aadel,0,0,2,0,0,,,0,,0,,,,,,,,,,,,,,,,,,,7.22959,0.38394,,,,,,,,,,2,,0,0.502487562,0.450566502,0.03959518,0.300338557,0.224307442,0.294360064,25.25559931,2.366457931,2.885725529,5.705497457,13.29450254,0.36692845,0.069767442,LOF,Mild_Hotspot
chr3,38597768,GACA,A,741NANA,p.M741_T742delinsI,741,,,aadel,0,0,2,0,0,,,0,,0,,,,,,,,,,,,,,,,,,,7.22959,0.38394,,,,,,,,,,2,,0,0.502487562,0.450566502,0.03959518,0.300338557,0.224307442,0.294360064,25.25559931,2.366457931,2.885725529,5.705497457,13.29450254,0.36692845,0.069767442,LOF,Mild_Hotspot
chr3,38587510,TAC,-,776p.Ydel,p.Y776del,776,p.Y,del,aadel,0,0,1,0,0,,,0,,,,,,,,,,,,,,,,,,,,,10.7044,0.0435698,,,,,,,,,,1,,0,0.00990099,0.321354416,0.041522875,0.276599267,0.257683343,0.515613013,24.08311105,1.366457931,2.885725529,5.254170468,13.74582953,0.312708523,0.086198775,,Mild_Hotspot
chr3,38587435,ATGAGCAAC,TCT,801NANA,p.801_803delMSN/insS,801,,,aadel,0,0,0,3,0,,,0,,,,,,,,,,,,,,,,,,,,,4.75613,0.592296,,,,,,,,,,3,,0,0.667774086,0.058612792,0.007608375,0.080224371,0.079361701,0.664898825,131.4341065,0.366457931,5.885725529,1.524692566,17.47530743,0.069304208,0.058597502,,Non_Hotspot
chr3,38587435,ATGAGCAAC,TCC,801NANA,p.801_803delMSN/insS,801,,,aadel,0,0,0,3,0,,,0,,,,,,,,,,,,,,,,,,,,,4.75613,0.592296,,,,,,,,,,3,,0,0.667774086,0.058612792,0.007608375,0.080224371,0.079361701,0.664898825,131.4341065,0.366457931,5.885725529,1.524692566,17.47530743,0.069304208,0.058597502,,Non_Hotspot
chr3,38587435,ATGAGCAAC,TCA,801NANA,p.801_803delMSN/insS,801,,,aadel,0,0,0,3,0,,,0,,,,,,,,,,,,,,,,,,,,,4.75613,0.592296,,,,,,,,,,3,,0,0.667774086,0.058612792,0.007608375,0.080224371,0.079361701,0.664898825,131.4341065,0.366457931,5.885725529,1.524692566,17.47530743,0.069304208,0.058597502,,Non_Hotspot
chr3,38587435,ATGAGCAAC,TCG,801NANA,p.801_803delMSN/insS,801,,,aadel,0,0,0,3,0,,,0,,,,,,,,,,,,,,,,,,,,,4.75613,0.592296,,,,,,,,,,3,,0,0.667774086,0.058612792,0.007608375,0.080224371,0.079361701,0.664898825,131.4341065,0.366457931,5.885725529,1.524692566,17.47530743,0.069304208,0.058597502,,Non_Hotspot
chr3,38587434,TGAGCAAC,GT,801NANA,p.801_803delMSN/insS,801,,,aadel,0,0,0,3,0,,,0,,,,,,,,,,,,,,,,,,,,,4.75613,0.592296,,,,,,,,,,3,,0,0.667774086,0.058612792,0.007608375,0.080224371,0.079361701,0.664898825,131.4341065,0.366457931,5.885725529,1.524692566,17.47530743,0.069304208,0.058597502,,Non_Hotspot
chr3,38587434,TGAGCAAC,GC,801NANA,p.801_803delMSN/insS,801,,,aadel,0,0,0,3,0,,,0,,,,,,,,,,,,,,,,,,,,,4.75613,0.592296,,,,,,,,,,3,,0,0.667774086,0.058612792,0.007608375,0.080224371,0.079361701,0.664898825,131.4341065,0.366457931,5.885725529,1.524692566,17.47530743,0.069304208,0.058597502,,Non_Hotspot
chr3,38622467,TGCATG,TGCATGTGCATG,139NANA,p.I137_C139dup,139,,,aains,0,0,1,0,0,,,0,,,,,,,,,,,,,,,,,,,,,7.03602,0.479461,,,,,,,,,,1,,0,0.00990099,0.321354416,0.041522875,0.154292588,0.146596823,0.341564116,24.08311105,1.366457931,2.885725529,2.930870197,16.0691298,0.19654351,0.086198775,,Mild_Hotspot
chr3,38556485,TTTTTTATTGGTGTCATCATTGACAACTTCAACCAACAGAAGAAAAAG,TTTTTTATTGGTGTCATCATTGACAACTTCAACCAACAGAAGAAAAAGTTTTTTATTGGTGTCATCATTGACAACTTCAACCAACAGAAGAAAAAG,1465NANA,p.F1465_L1480dup,1465,,,aains,0,0,0,0,0,,,1,31364,,,,,,,,,,,,,,,,,,,,11.8501,0.127914,,,,,,,,,,1,,0,0.00990099,0.08618112,0.014994513,0.132311184,0.126665924,0.651101675,66.69106136,0.366457931,3.885725529,2.514028765,16.48597123,0.125701438,0.086198775,,Mild_Hotspot
chr3,38554384,ATCATC,ATCATTATC,1570NANA,p.1570_F1571insI,1570,,,aains,0,0,6,4,0,,,0,,,,,,,,,,,,,,,,,,,,,8.52375,0.373794,,,,,,,,,,10,,0,0.9000999,0.480408225,0.01751424,0.327167696,0.303367561,1.336725593,57.09639683,6.366457931,6.885725529,6.209625327,12.79037467,0.421021563,0.027630983,,Mild_Hotspot
chr3,38554384,ATCATC,ATCATCATC,1570NANA,p.1570_F1571insI,1570,,,aains,0,0,6,4,0,,,0,,,,,,,,,,,,,,,,,,,,,8.52375,0.373794,,,,,,,,,,10,,0,0.9000999,0.480408225,0.01751424,0.327167696,0.303367561,1.336725593,57.09639683,6.366457931,6.885725529,6.209625327,12.79037467,0.421021563,0.027630983,,Mild_Hotspot
chr3,38554384,ATCATC,ATCATAATC,1570NANA,p.1570_F1571insI,1570,,,aains,0,0,6,4,0,,,0,,,,,,,,,,,,,,,,,,,,,8.52375,0.373794,,,,,,,,,,10,,0,0.9000999,0.480408225,0.01751424,0.327167696,0.303367561,1.336725593,57.09639683,6.366457931,6.885725529,6.209625327,12.79037467,0.421021563,0.027630983,,Mild_Hotspot
chr3,38554384,ATC,ATCATC,1570p.Idup,p.I1570dup,1570,p.I,dup,aains,0,0,3,0,0,,,0,,,,,,,,,,,,,,,,,,,,,8.52375,0.373794,,,,,,,,,,3,,0,0.667774086,0.538445161,0.034268572,0.303150724,0.281658941,1.336725593,29.18125698,3.366457931,2.885725529,5.755604054,13.24439595,0.397982002,0.058597502,,Mild_Hotspot
chr3,38550989,TATTAT,TATGATTAT,1795NANA,p.Y1795_E1796insD,1795,,,aains,1,143,15,23,0,,,0,,1,-1,-9.7,,1.025316456,3.463414634,,,,,,,,,,,,,,10.2135,0.169205,,,,,,,,,,181,,0.790055249,0.994475443,0.083399055,0.005813898,0.121920142,0.136418448,2.005815105,172.001647,15.36645793,168.8857255,2.318854302,16.6811457,0.086594272,0.778122727,GOF,Mild_Hotspot
chr3,38550989,TATTAT,TATGACTAT,1795NANA,p.Y1795_E1796insD,1795,,,aains,1,143,15,23,0,,,0,,1,-1,-9.7,,1.025316456,3.463414634,,,,,,,,,,,,,,10.2135,0.169205,,,,,,,,,,181,,0.790055249,0.994475443,0.083399055,0.005813898,0.121920142,0.136418448,2.005815105,172.001647,15.36645793,168.8857255,2.318854302,16.6811457,0.086594272,0.778122727,GOF,Mild_Hotspot
chr3,38550989,TAT,TATGAT,1795p.insD,p.1795insD,1795,p.,insD,aains,0,0,0,0,0,,,0,,,,,,,,,,,,,,,,,,,,,10.2135,0.169205,,,,,,,,,,0,,,,,,,,,,,,,,,,,
chr3,38550989,TAT,TATGAC,1795p.insD,p.1795insD,1795,p.,insD,aains,0,0,0,0,0,,,0,,,,,,,,,,,,,,,,,,,,,10.2135,0.169205,,,,,,,,,,0,,,,,,,,,,,,,,,,,
chr3,38550749,ATG,ATGATG,1875p.Mdup,p.M1875dup,1875,p.M,dup,aains,0,0,0,0,0,,,2,280672,,,,,,,,,,,,,,,,,,,,5.03927,0.69959,,,,,,,,,,2,,0,0.502487562,0.069772493,0.01038106,0.092282885,0.090308485,1.098125386,96.32927628,0.366457931,4.885725529,1.753637248,17.24636275,0.083506536,0.069767442,,Non_Hotspot
chr3,38550362,TTC,TTCTTC,2004p.Fdup,p.F2004dup,2004,p.F,dup,aains,0,0,1,0,0,,,0,,,,,,,,,,,,,,,,,,,,,,,,,,,,,,,,1,,0,0.00990099,0.321354416,0.041522875,0.11631353,0.112084308,2.37741814,24.08311105,1.366457931,2.885725529,2.209064017,16.79093598,0.160453201,0.086198775,,Mild_Hotspot
chr3,38609797,AACAACGGC,AACAACGGCAACAACGGC,291NANA,p.N291_S293dup,291,,,aains,0,0,0,0,0,,,1,249038,,,,,,,,,,,,,,,,,,,,,,,,,,,,,,,1,,0,0.00990099,0.08618112,0.014994513,0.072619209,0.072439406,2.000353114,66.69106136,0.366457931,3.885725529,1.379917415,17.62008259,0.068995871,0.086198775,,Non_Hotspot
chr3,38604083,AATAATCATCTCAGCCTCACCCGTGGC,AATAATCATCTCAGCCTCACCCGTGGCAATAATCATCTCAGCCTCACCCGTGGC,507NANA,p.N507_L515dup,507,,,aains,0,0,0,0,0,,,1,233904,,,,,,,,,,,,,,,,,,,,,,,,,,,,,,,1,,0,0.00990099,0.08618112,0.014994513,0.097942672,0.095443733,0.336623053,66.69106136,0.366457931,3.885725529,1.861037514,17.13896249,0.093051876,0.086198775,,Non_Hotspot
chr3,38579440,G,A,1095WX,W1095X,1095,W,X,nonsense,0,0,4,0,0,,,0,,,,,,,,,,,,,,,,,,,,,,,,,,,,,,,,4,,,,,,,,,,,,,,,,,
chr3,38579439,G,A,1095WX,W1095X,1095,W,X,nonsense,0,0,4,0,0,,,0,,,,,,,,,,,,,,,,,,,,,,,,,,,,,,,,4,,,,,,,,,,,,,,,,,
chr3,38579411,G,T,1105EX,E1105X,1105,E,X,nonsense,0,1,0,0,0,,,0,,,,,,,,,,,,,,,,,,,,,,,,,,,,,,,,1,,,,,,,,,,,,,,,,,
chr3,38579405,G,T,1107EX,E1107X,1107,E,X,nonsense,0,1,0,0,0,,,0,,,,,,,,,,,,,,,,,,,,,,,,,,,,,,,,1,,,,,,,,,,,,,,,,,
chr3,38579390,C,T,1112QX,Q1112X,1112,Q,X,nonsense,0,0,1,0,0,,,0,,,,,,,,,,,,,,,,,,,,,,,,,,,,,,,,1,,,,,,,,,,,,,,,,,
chr3,38579380,G,A,1115WX,W1115X,1115,W,X,nonsense,0,0,1,0,0,,,0,,,,,,,,,,,,,,,,,,,,,,,,,,,,,,,,1,,,,,,,,,,,,,,,,,
chr3,38579379,G,A,1115WX,W1115X,1115,W,X,nonsense,0,0,1,0,0,,,0,,,,,,,,,,,,,,,,,,,,,,,,,,,,,,,,1,,,,,,,,,,,,,,,,,
chr3,38579372,C,T,1118QX,Q1118X,1118,Q,X,nonsense,0,0,5,4,0,,,0,,,,,,,,,,,,,,,,,,,,,,,,,,,,,,,,9,,,,,,,,,,,,,,,,,
chr3,38579340,C,A,1128CX,C1128X,1128,C,X,nonsense,0,0,0,0,0,,,1,205612,,,,,,,,,,,,,,,,,,,,,,,,,,,,,,,1,,,,,,,,,,,,,,,,,
chr3,38576718,G,T,1152EX,E1152X,1152,E,X,nonsense,0,0,2,2,0,,,0,,,,,,,,,,,,,,,,,,,,,,,,,,,,,,,,4,,,,,,,,,,,,,,,,,
chr3,38575391,G,A,1191WX,W1191X,1191,W,X,nonsense,1,0,2,2,0,,,0,,0,,,,,,,,,,,,,,,,,,,,,,,,,,,,,,4,,,,,,,,,,,,,,,,,
chr3,38575390,G,A,1191WX,W1191X,1191,W,X,nonsense,1,0,2,2,0,,,0,,0,,,,,,,,,,,,,,,,,,,,,,,,,,,,,,4,,,,,,,,,,,,,,,,,
chr3,38575388,G,A,1192WX,W1192X,1192,W,X,nonsense,0,0,1,0,0,,,0,,,,,,,,,,,,,,,,,,,,,,,,,,,,,,,,1,,,,,,,,,,,,,,,,,
chr3,38575387,G,A,1192WX,W1192X,1192,W,X,nonsense,0,0,1,0,0,,,0,,,,,,,,,,,,,,,,,,,,,,,,,,,,,,,,1,,,,,,,,,,,,,,,,,
chr3,38575341,G,T,1208EX,E1208X,1208,E,X,nonsense,0,0,2,0,0,,,0,,,,,,,,,,,,,,,,,,,,,5.20956,0.639202,,,,,,,,,,2,,,,,,,,,,,,,,,,,
chr3,38560287,G,T,1369GX,G1369X,1369,G,X,nonsense,0,1,0,0,0,,,0,,,,,,,,,,,,,,,,,,,,,,,,,,,,,,,,1,,,,,,,,,,,,,,,,,
chr3,38560245,C,T,1383QX,Q1383X,1383,Q,X,nonsense,0,0,1,0,0,,,0,,,,,,,,,,,,,,,,,,,,,6.73747,0.439553,,,,,,,,,,1,,,,,,,,,,,,,,,,,
chr3,38560210,C,A,1394YX,Y1394X,1394,Y,X,nonsense,0,0,1,0,0,,,0,,,,,,,,,,,,,,,,,,,,,7.50683,0.269423,,,,,,,,,,1,,,,,,,,,,,,,,,,,
chr3,38560210,C,G,1394YX,Y1394X,1394,Y,X,nonsense,0,0,1,0,0,,,0,,,,,,,,,,,,,,,,,,,,,7.50683,0.269423,,,,,,,,,,1,,,,,,,,,,,,,,,,,
chr3,38560165,C,A,1409YX,Y1409X,1409,Y,X,nonsense,0,0,1,0,0,,,0,,,,,,,,,,,,,,,,,,,,,10.412,0.328696,,,,,,,,,,1,,,,,,,,,,,,,,,,,
chr3,38560165,C,G,1409YX,Y1409X,1409,Y,X,nonsense,0,0,1,0,0,,,0,,,,,,,,,,,,,,,,,,,,,10.412,0.328696,,,,,,,,,,1,,,,,,,,,,,,,,,,,
chr3,38557268,G,A,1421WX,W1421X,1421,W,X,nonsense,0,0,0,0,1,,,0,,,,,,,,,,,,,,,,,,,,,11.771,0.170806,,,,,,,,,,0,,,,,,,,,,,,,,,,,
chr3,38557267,G,A,1421WX,W1421X,1421,W,X,nonsense,0,0,0,0,1,,,0,,,,,,,,,,,,,,,,,,,,,11.771,0.170806,,,,,,,,,,0,,,,,,,,,,,,,,,,,
chr3,38556576,T,A,1434YX,Y1434X,1434,Y,X,nonsense,0,0,1,0,0,,,0,,,,,,,,,,,,,,,,,,,,,6.40054,0.408623,,,,,,,,,,1,,,,,,,,,,,,,,,,,
chr3,38556576,T,G,1434YX,Y1434X,1434,Y,X,nonsense,0,0,1,0,0,,,0,,,,,,,,,,,,,,,,,,,,,6.40054,0.408623,,,,,,,,,,1,,,,,,,,,,,,,,,,,
chr3,38556559,G,A,1440WX,W1440X,1440,W,X,nonsense,0,0,1,0,0,,,0,,,,,,,,,,,,,,,,,,,,,6.24251,0.479864,,,,,,,,,,1,,,,,,,,,,,,,,,,,
chr3,38556558,G,A,1440WX,W1440X,1440,W,X,nonsense,0,0,1,0,0,,,0,,,,,,,,,,,,,,,,,,,,,6.24251,0.479864,,,,,,,,,,1,,,,,,,,,,,,,,,,,
chr3,38556452,C,T,1476GX,G1476X,1476,G,X,nonsense,0,0,1,0,0,,,0,,,,,,,,,,,,,,,,,,,,,11.4919,0.0950372,,,,,,,,,,1,,,,,,,,,,,,,,,,,
chr3,38556452,C,T,1476QX,Q1476X,1476,Q,X,nonsense,0,0,2,0,0,,,0,,,,,,,,,,,,,,,,,,,,,11.4919,0.0950372,,,,,,,,,,2,,,,,,,,,,,,,,,,,
chr3,38555721,A,T,1493KX,K1493X,1493,K,X,nonsense,0,0,2,0,0,,,0,,,,,,,,,,,,,,,,,,,,,10.9806,0.076037,,,,,,,,,,2,,,,,,,,,,,,,,,,,
chr3,38555713,C,A,1495YX,Y1495X,1495,Y,X,nonsense,0,0,0,0,8,,,0,,,,,,,,,,,,,,,,,,,,,8.30626,0.345735,,,,,,,,,,0,,,,,,,,,,,,,,,,,
chr3,38555713,C,G,1495YX,Y1495X,1495,Y,X,nonsense,0,0,0,0,8,,,0,,,,,,,,,,,,,,,,,,,,,8.30626,0.345735,,,,,,,,,,0,,,,,,,,,,,,,,,,,
chr3,38622415,G,A,156WX,W156X,156,W,X,nonsense,0,0,2,1,1,,,0,,0,,,,,,,,,,,,,,,,,,,4.38712,0.506276,,,,,,,,,,3,,,,,,,,,,,,,,,,,
chr3,38622414,G,A,156WX,W156X,156,W,X,nonsense,0,0,2,1,1,,,0,,0,,,,,,,,,,,,,,,,,,,4.38712,0.506276,,,,,,,,,,3,,,,,,,,,,,,,,,,,
chr3,38554320,G,A,1591WX,W1591X,1591,W,X,nonsense,0,0,1,0,0,,,0,,,,,,,,,,,,,,,,,,,,,8.47583,0.242479,,,,,,,,,,1,,,,,,,,,,,,,,,,,
chr3,38554319,G,A,1591WX,W1591X,1591,W,X,nonsense,0,0,1,0,0,,,0,,,,,,,,,,,,,,,,,,,,,8.47583,0.242479,,,,,,,,,,1,,,,,,,,,,,,,,,,,
chr3,38622405,T,A,159YX,Y159X,159,Y,X,nonsense,0,0,1,0,0,,,0,,,,,,,,,,,,,,,,,,,,,5.21411,0.648002,,,,,,,,,,1,,,,,,,,,,,,,,,,,
chr3,38622405,T,G,159YX,Y159X,159,Y,X,nonsense,0,0,1,0,0,,,0,,,,,,,,,,,,,,,,,,,,,5.21411,0.648002,,,,,,,,,,1,,,,,,,,,,,,,,,,,
chr3,38551527,C,A,1615YX,Y1615X,1615,Y,X,nonsense,0,0,1,0,0,,,0,,,,,,,,,,,,,,,,,,,,,4.18455,0.717353,,,,,,,,,,1,,,,,,,,,,,,,,,,,
chr3,38551527,C,G,1615YX,Y1615X,1615,Y,X,nonsense,0,0,1,0,0,,,0,,,,,,,,,,,,,,,,,,,,,4.18455,0.717353,,,,,,,,,,1,,,,,,,,,,,,,,,,,
chr3,38551505,C,T,1623RX,R1623X,1623,R,X,nonsense,0,0,5,6,2,,,0,,0,,,,,,,,,,,,,,,,,,,9.58294,0.238685,,,,,,,,,,11,,,,,,,,,,,,,,,,,
chr3,38551487,C,T,1629RX,R1629X,1629,R,X,nonsense,0,1,2,1,0,,,2,251298,0.00917782,,,,,,,,,,,,,,,,,,,11.3717,0.0816769,,,,,,,,,,6,,,,,,,,,,,,,,,,,
chr3,38551460,C,T,1638RX,R1638X,1638,R,X,nonsense,3,0,3,0,0,,,2,251440,0,,,,,,,,,,,,,,,,,,,5.76904,0.486778,,,,,,,,,,5,,,,,,,,,,,,,,,,,
chr3,38551289,C,T,1695QX,Q1695X,1695,Q,X,nonsense,0,0,3,0,1,,,0,,,,,,,,,,,,,,,,,,,,,9.35882,0.329376,,,,,,,,,,3,,,,,,,,,,,,,,,,,
chr3,38551022,G,T,1784EX,E1784X,1784,E,X,nonsense,0,0,0,0,0,,,1,251008,,,,,,,,,,,,,,,,,,,,7.79246,0.275714,,,,,,,,,,1,,,,,,,,,,,,,,,,,
chr3,38550979,G,A,1798WX,W1798X,1798,W,X,nonsense,0,1,0,0,0,,,0,,,,,,,,,,,,,,,,,,,,,11.975,0.112359,,,,,,,,,,1,,,,,,,,,,,,,,,,,
chr3,38550978,G,A,1798WX,W1798X,1798,W,X,nonsense,0,1,0,0,0,,,0,,,,,,,,,,,,,,,,,,,,,11.975,0.112359,,,,,,,,,,1,,,,,,,,,,,,,,,,,
chr3,38620919,C,T,179RX,R179X,179,R,X,nonsense,1,1,3,0,0,,,1,248622,0,,,,,,,,,,,,,,,,,,,9.1436,0.3863,,,,,,,,,,5,,,,,,,,,,,,,,,,,
chr3,38550939,T,A,1811YX,Y1811X,1811,Y,X,nonsense,0,1,0,0,0,,,0,,,,,,,,,,,,,,,,,,,,,8.46511,0.369444,,,,,,,,,,1,,,,,,,,,,,,,,,,,
chr3,38550939,T,G,1811YX,Y1811X,1811,Y,X,nonsense,0,1,0,0,0,,,0,,,,,,,,,,,,,,,,,,,,,8.46511,0.369444,,,,,,,,,,1,,,,,,,,,,,,,,,,,
chr3,38550937,C,A,1812SX,S1812X,1812,S,X,nonsense,0,0,2,1,0,,,0,,,,,,,,,,,,,,,,,,,,,5.14818,0.672543,,,,,,,,,,3,,,,,,,,,,,,,,,,,
chr3,38550560,G,T,1938EX,E1938X,1938,E,X,nonsense,0,0,0,0,0,,,1,248664,,,,,,,,,,,,,,,,,,,,,,,,,,,,,,,1,,,,,,,,,,,,,,,,,
chr3,38620876,G,A,193WX,W193X,193,W,X,nonsense,0,0,1,0,0,,,0,,,,,,,,,,,,,,,,,,,,,6.60325,0.447261,,,,,,,,,,1,,,,,,,,,,,,,,,,,
chr3,38620875,G,A,193WX,W193X,193,W,X,nonsense,0,0,1,0,0,,,0,,,,,,,,,,,,,,,,,,,,,6.60325,0.447261,,,,,,,,,,1,,,,,,,,,,,,,,,,,
chr3,38550542,C,T,1944RX,R1944X,1944,R,X,nonsense,0,0,0,0,1,,,4,279424,,,,,,,,,,,,,,,,,,,,,,,,,,,,,,,4,,,,,,,,,,,,,,,,,
chr3,38550500,C,T,1958RX,R1958X,1958,R,X,nonsense,0,2,0,0,0,,,13,276598,0.593,6.1,1.8,1.306707629,,,,,,,,,,,,,,,,,,,,,,,,,,,15,,,,,,,,,,,,,,,,,
chr3,38550387,C,A,1995YX,Y1995X,1995,Y,X,nonsense,0,0,0,0,0,,,1,206774,,,,,,,,,,,,,,,,,,,,,,,,,,,,,,,1,,,,,,,,,,,,,,,,,
chr3,38550387,C,G,1995YX,Y1995X,1995,Y,X,nonsense,0,0,0,0,0,,,1,206774,,,,,,,,,,,,,,,,,,,,,,,,,,,,,,,1,,,,,,,,,,,,,,,,,
chr3,38613831,C,A,205YX,Y205X,205,Y,X,nonsense,0,0,0,0,1,,,1,31400,,,,,,,,,,,,,,,,,,,,8.56607,0.40976,,,,,,,,,,1,,,,,,,,,,,,,,,,,
chr3,38613831,C,G,205YX,Y205X,205,Y,X,nonsense,0,0,0,0,1,,,1,31400,,,,,,,,,,,,,,,,,,,,8.56607,0.40976,,,,,,,,,,1,,,,,,,,,,,,,,,,,
chr3,38613799,C,A,216SX,S216X,216,S,X,nonsense,0,0,0,0,0,,,2,228108,,,,,,,,,,,,,,,,,,,,7.02494,0.429806,,,,,,,,,,2,,,,,,,,,,,,,,,,,
chr3,38613799,C,G,216SX,S216X,216,S,X,nonsense,0,0,0,0,0,,,2,228108,,,,,,,,,,,,,,,,,,,,7.02494,0.429806,,,,,,,,,,2,,,,,,,,,,,,,,,,,
chr3,38613782,C,T,222RX,R222X,222,R,X,nonsense,3,1,33,19,0,,,0,,0,,,,,,,,,,,,,,,,,,,10.9123,0.215257,,,,,,,,,,53,,,,,,,,,,,,,,,,,
chr3,38609923,A,T,249KX,K249X,249,K,X,nonsense,0,0,1,0,0,,,0,,,,,,,,,,,,,,,,,,,,,9.47563,0.342094,,,,,,,,,,1,,,,,,,,,,,,,,,,,
chr3,38606773,G,T,346EX,E346X,346,E,X,nonsense,0,0,1,0,0,,,0,,,,,,,,,,,,,,,,,,,,,6.16069,0.381352,,,,,,,,,,1,,,,,,,,,,,,,,,,,
chr3,38606773,G,T,346GX,G346X,346,G,X,nonsense,0,0,1,0,0,,,0,,,,,,,,,,,,,,,,,,,,,6.16069,0.381352,,,,,,,,,,1,,,,,,,,,,,,,,,,,
chr3,38606122,C,A,389YX,Y389X,389,Y,X,nonsense,0,1,0,0,0,,,0,,,,,,,,,,,,,,,,,,,,,10.8301,0.149319,,,,,,,,,,1,,,,,,,,,,,,,,,,,
chr3,38606122,C,G,389YX,Y389X,389,Y,X,nonsense,0,1,0,0,0,,,0,,,,,,,,,,,,,,,,,,,,,10.8301,0.149319,,,,,,,,,,1,,,,,,,,,,,,,,,,,
chr3,38606034,C,T,419QX,Q419X,419,Q,X,nonsense,0,0,1,0,0,,,0,,,,,,,,,,,,,,,,,,,,,11.6238,0.124827,,,,,,,,,,1,,,,,,,,,,,,,,,,,
chr3,38633181,C,T,43RX,R43X,43,R,X,nonsense,0,0,1,0,0,,,0,,,,,,,,,,,,,,,,,,,,,,,,,,,,,,,,1,,,,,,,,,,,,,,,,,
chr3,38604830,G,T,473EX,E473X,473,E,X,nonsense,1,0,1,0,0,,,0,,0,,,,,,,,,,,,,,,,,,,,,,,,,,,,,,1,,,,,,,,,,,,,,,,,
chr3,38603999,C,T,535RX,R535X,535,R,X,nonsense,1,1,7,4,4,,,1,247858,0,,,,,,,,,,,,,,,,,,,,,,,,,,,,,,13,,,,,,,,,,,,,,,,,
chr3,38603945,G,T,553EX,E553X,553,E,X,nonsense,0,0,1,0,0,,,0,,,,,,,,,,,,,,,,,,,,,,,,,,,,,,,,1,,,,,,,,,,,,,,,,,
chr3,38633145,C,T,55QX,Q55X,55,Q,X,nonsense,1,0,1,2,1,,,0,,0,,,,,,,,,,,,,,,,,,,,,,,,,,,,,,3,,,,,,,,,,,,,,,,,
chr3,38603885,C,T,573QX,Q573X,573,Q,X,nonsense,0,0,1,0,1,,,0,,,,,,,,,,,,,,,,,,,,,,,,,,,,,,,,1,,,,,,,,,,,,,,,,,
chr3,38598981,G,T,654EX,E654X,654,E,X ,nonsense,0,0,1,0,0,,,0,,,,,,,,,,,,,,,,,,,,,,,,,,,,,,,,1,,,,,,,,,,,,,,,,,
chr3,38597899,G,T,698EX,E698X,698,E,X,nonsense,0,0,1,0,0,,,0,,,,,,,,,,,,,,,,,,,,,,,,,,,,,,,,1,,,,,,,,,,,,,,,,,
chr3,38633091,C,T,73QX,Q73X,73,Q,X,nonsense,0,1,1,0,0,,,0,,,,,,,,,,,,,,,,,,,,,,,,,,,,,,,,2,,,,,,,,,,,,,,,,,
chr3,38587501,C,T,779QX,Q779X,779,Q,X,nonsense,0,0,4,0,0,,,0,,,,,,,,,,,,,,,,,,,,,6.93776,0.475703,,,,,,,,,,4,,,,,,,,,,,,,,,,,
chr3,38587494,G,A,781WX,W781X,781,W,X,nonsense,0,0,6,2,3,,,0,,,,,,,,,,,,,,,,,,,,,7.22066,0.355149,,,,,,,,,,8,,,,,,,,,,,,,,,,,
chr3,38587493,G,A,781WX,W781X,781,W,X,nonsense,0,0,6,2,3,,,0,,,,,,,,,,,,,,,,,,,,,7.22066,0.355149,,,,,,,,,,8,,,,,,,,,,,,,,,,,
chr3,38586013,G,A,822WX,W822X,822,W,X,nonsense,1,0,4,2,2,,,0,,0,,,,,,,,,,,,,,,,,,,8.69376,0.362435,,,,,,,,,,6,,,,,,,,,,,,,,,,,
chr3,38586012,G,A,822WX,W822X,822,W,X,nonsense,1,0,4,2,2,,,0,,0,,,,,,,,,,,,,,,,,,,8.69376,0.362435,,,,,,,,,,6,,,,,,,,,,,,,,,,,
chr3,38585879,G,T,867EX,E867X,867,E,X,nonsense,0,0,5,2,0,,,0,,,,,,,,,,,,,,,,,,,,,5.5038,0.598535,,,,,,,,,,7,,,,,,,,,,,,,,,,,
chr3,38585879,G,T,867LX,L867X,867,L,X,nonsense,0,0,1,0,0,,,0,,,,,,,,,,,,,,,,,,,,,5.5038,0.598535,,,,,,,,,,1,,,,,,,,,,,,,,,,,
chr3,38585767,G,A,904WX,W904X,904,W,X,nonsense,0,0,1,0,0,,,0,,,,,,,,,,,,,,,,,,,,,10.5044,0.144549,,,,,,,,,,1,,,,,,,,,,,,,,,,,
chr3,38585766,G,A,904WX,W904X,904,W,X,nonsense,0,0,1,0,0,,,0,,,,,,,,,,,,,,,,,,,,,10.5044,0.144549,,,,,,,,,,1,,,,,,,,,,,,,,,,,
chr3,38580929,-,A,-,1077NANA,c.3228+2delT,1077,,splice,0,0,1,0,0,,,0,,,,,,,,,,,,,,,,,,,,,,,,,,,,,,,,1,,,,,,,,,,,,,,,,,
chr3,38576782,-,C,T,1131NANA,c.3391-1G>A,1131,,splice,0,0,1,0,0,,,0,,,,,,,,,,,,,,,,,,,,,,,,,,,,,,,,1,,,,,,,,,,,,,,,,,
chr3,38576651,-,G,A,1171NANA,c.3511+10C>T,1171,,splice,0,1,0,0,0,,,0,,,,,,,,,,,,,,,,,,,,,,,,,,,,,,,,1,,,,,,,,,,,,,,,,,
chr3,38566408,-,C,T,1281NANA,c.3840+1G>A,1281,,splice,0,0,9,0,1,,,0,,,,,,,,,,,,,,,,,,,,,10.5477,0.21385,,,,,,,,,,9,,,,,,,,,,,,,,,,,
chr3,38562414,-,C,T,1322NANA,c.3963+1G>A,1322,,splice,0,0,0,0,1,,,0,,,,,,,,,,,,,,,,,,,,,10.8223,0.193876,,,,,,,,,,0,,,,,,,,,,,,,,,,,
chr3,38562413,-,A,G,1322NANA,c.3963+2T>C,1322,,splice,0,0,2,1,6,,,0,,,,,,,,,,,,,,,,,,,,,10.8223,0.193876,,,,,,,,,,3,,,,,,,,,,,,,,,,,
chr3,38562411,-,T,C,1322NANA,c.3963+4A>G,1322,,splice,0,0,1,0,0,,,0,,,,,,,,,,,,,,,,,,,,,10.8223,0.193876,,,,,,,,,,1,,,,,,,,,,,,,,,,,
chr3,38622494,-,G,T,132NANA,c.393-5C>A,132,,splice,0,0,2,0,0,,,0,,,,,,,,,,,,,,,,,,,,,5.47694,0.624069,,,,,,,,,,2,,,,,,,,,,,,,,,,,
chr3,38560146,-,C,T,1416NANA,c.4245+1G>A,1416,,splice,0,0,1,0,0,,,0,,,,,,,,,,,,,,,,,,,,,11.1837,0.164749,,,,,,,,,,1,,,,,,,,,,,,,,,,,
chr3,38560146,-,C,G,1416NANA,c.4245+1G>C,1416,,splice,0,1,0,0,0,,,0,,,,,,,,,,,,,,,,,,,,,11.1837,0.164749,,,,,,,,,,1,,,,,,,,,,,,,,,,,
chr3,38560145,-,A,T,1416NANA,c.4245+2T>A,1416,,splice,0,1,0,0,0,,,0,,,,,,,,,,,,,,,,,,,,,11.1837,0.164749,,,,,,,,,,1,,,,,,,,,,,,,,,,,
chr3,38557235,-,D,E,1434NANA,c.4299+1delG,1434,,splice,0,0,2,0,0,,,0,,,,,,,,,,,,,,,,,,,,,6.40054,0.408623,,,,,,,,,,2,,,,,,,,,,,,,,,,,
chr3,38557230,-,C,A,1434NANA,c.4299+1G>T,1434,,splice,0,0,1,0,0,,,0,,,,,,,,,,,,,,,,,,,,,6.40054,0.408623,,,,,,,,,,1,,,,,,,,,,,,,,,,,
chr3,38557203,-,G,A,1434NANA,c.4299+28C>T,1434,,splice,0,1,0,0,0,,,0,,,,,,,,,,,,,,,,,,,,,6.40054,0.408623,,,,,,,,,,1,,,,,,,,,,,,,,,,,
chr3,38557229,-,A,T,1434NANA,c.4299+2T>A,1434,,splice,0,0,0,1,0,,,0,,,,,,,,,,,,,,,,,,,,,6.40054,0.408623,,,,,,,,,,1,,,,,,,,,,,,,,,,,
chr3,38556579,-,C,T,1434NANA,c.4300-1G>A,1434,,splice,0,0,1,0,0,,,0,,,,,,,,,,,,,,,,,,,,,6.40054,0.408623,,,,,,,,,,1,,,,,,,,,,,,,,,,,
chr3,38556580,-,T,A,1434NANA,c.4300-2A>T,1434,,splice,0,0,8,0,0,,,0,,,,,,,,,,,,,,,,,,,,,6.40054,0.408623,,,,,,,,,,8,,,,,,,,,,,,,,,,,
chr3,38556436,-,C,T,1480NANA,c.4437+5G>A,1480,,splice,0,0,3,2,0,,,0,,,,,,,,,,,,,,,,,,,,,6.99108,0.384394,,,,,,,,,,5,,,,,,,,,,,,,,,,,
chr3,38555761,-,G,A,1480NANA,c.4438-1C>T,1480,,splice,0,0,1,1,0,,,0,,,,,,,,,,,,,,,,,,,,,6.99108,0.384394,,,,,,,,,,2,,,,,,,,,,,,,,,,,
chr3,38554279,-,CCAC,CCACCCAC,1605NANA,c.4813+2_4813+5dupTGGG,1605,,splice,0,0,1,0,0,,,0,,,,,,,,,,,,,,,,,,,,,9.58955,0.295536,,,,,,,,,,1,,,,,,,,,,,,,,,,,
chr3,38554279,-,CCAC,CCACCCAC,1605NANA,c.4813+3_4813+6dupGGGT,1605,,splice,0,0,26,6,0,,,0,,,,,,,,,,,,,,,,,,,,,9.58955,0.295536,,,,,,,,,,32,,,,,,,,,,,,,,,,,
chr3,38554279,-,CCAC,CCACCCAC,1605NANA,c.4813+5insTGGG,1605,,splice,0,0,10,1,0,,,0,,,,,,,,,,,,,,,,,,,,,9.58955,0.295536,,,,,,,,,,11,,,,,,,,,,,,,,,,,
chr3,38620842,-,C,T,204NANA,c.611+1G>A,204,,splice,0,1,9,1,1,,,0,,,,,,,,,,,,,,,,,,,,,11.6554,0.136969,,,,,,,,,,11,,,,,,,,,,,,,,,,,
chr3,38620839,-,TT,TTTT,204NANA,c.611+3_611+4dupAA,204,,splice,0,0,1,0,0,,,0,,,,,,,,,,,,,,,,,,,,,11.6554,0.136969,,,,,,,,,,1,,,,,,,,,,,,,,,,,
chr3,38613836,-,T,C,205NANA,c.612-2A>G,205,,splice,0,0,3,5,1,,,0,,,,,,,,,,,,,,,,,,,,,8.56607,0.40976,,,,,,,,,,8,,,,,,,,,,,,,,,,,
chr3,38613742,-,C,T,235NANA,c.703+1G>A,235,,splice,0,1,0,1,0,,,0,,,,,,,,,,,,,,,,,,,,,7.54507,0.428808,,,,,,,,,,2,,,,,,,,,,,,,,,,,
chr3,38609965,-,C,G,235NANA,c.704-1G>C,235,,splice,0,0,1,0,0,,,0,,,,,,,,,,,,,,,,,,,,,7.54507,0.428808,,,,,,,,,,1,,,,,,,,,,,,,,,,,
chr3,38609966,-,T,C,235NANA,c.704-2A>G,235,,splice,0,0,0,0,1,,,0,,,,,,,,,,,,,,,,,,,,,7.54507,0.428808,,,,,,,,,,0,,,,,,,,,,,,,,,,,
chr3,38609733,-,C,T,312NANA,c.934+1G>A,312,,splice,0,0,3,0,2,,,0,,,,,,,,,,,,,,,,,,,,,,,,,,,,,,,,3,,,,,,,,,,,,,,,,,
chr3,38609730,-,G,A,312NANA,c.934+4C>T,312,,splice,0,0,1,0,0,,,0,,,,,,,,,,,,,,,,,,,,,,,,,,,,,,,,1,,,,,,,,,,,,,,,,,
chr3,38608150,-,C,T,333NANA,c.998+1G>A,333,,splice,0,0,1,0,0,,,0,,,,,,,,,,,,,,,,,,,,,12.3865,0.26548,,,,,,,,,,1,,,,,,,,,,,,,,,,,
chr3,38608146,-,C,T,333NANA,c.998+5G>A,333,,splice,0,1,0,0,0,,,0,,,,,,,,,,,,,,,,,,,,,12.3865,0.26548,,,,,,,,,,1,,,,,,,,,,,,,,,,,
chr3,38606668,-,C,T,381NANA,c.1140+1G>A,381,,splice,0,0,1,0,0,,,0,,,,,,,,,,,,,,,,,,,,,12.9451,0.146027,,,,,,,,,,1,,,,,,,,,,,,,,,,,
chr3,38606151,-,G,T,381NANA,c.1141-3C>A,381,,splice,0,2,1,0,0,,,0,,,,,,,,,,,,,,,,,,,,,12.9451,0.146027,,,,,,,,,,3,,,,,,,,,,,,,,,,,
chr3,38605949,-,A,T,447NANA,c.1338+2T>A,447,,splice,0,0,1,0,0,,,0,,,,,,,,,,,,,,,,,,,,,,,,,,,,,,,,1,,,,,,,,,,,,,,,,,
chr3,38604932,-,C,T,447NANA,c.1339-24G>A,447,,splice,0,1,0,0,0,,,0,,,,,,,,,,,,,,,,,,,,,,,,,,,,,,,,1,,,,,,,,,,,,,,,,,
chr3,38603707,-,C,T,631NANA,c.1890+5G>A,631,,splice,0,0,2,0,0,,,0,,,,,,,,,,,,,,,,,,,,,,,,,,,,,,,,2,,,,,,,,,,,,,,,,,
chr3,38598908,-,G,A,675NANA,c.2023+10C>T,675,,splice,0,0,0,0,1,,,0,,,,,,,,,,,,,,,,,,,,,,,,,,,,,,,,0,,,,,,,,,,,,,,,,,
chr3,38587388,-,C,T,813NANA,c.2436+12G>A,813,,splice,0,1,0,0,0,,,0,,,,,,,,,,,,,,,,,,,,,8.92744,0.292926,,,,,,,,,,1,,,,,,,,,,,,,,,,,
chr3,38586046,-,G,T,813NANA,c.2437-5C>A,813,,splice,0,2,0,2,1,,,0,,,,,,,,,,,,,,,,,,,,,8.92744,0.292926,,,,,,,,,,4,,,,,,,,,,,,,,,,,
chr3,38630453,-,G,A,92NANA,c.274-24C>T,92,,splice,0,2,4,3,0,,,0,,,,,,,,,,,,,,,,,,,,,,,,,,,,,,,,9,,,,,,,,,,,,,,,,,
chr3,38585673,-,GG,GTGTGTGTGTGTGTGTGTGTGTGTG,930NANA,c.2787+17_2787+18insACACACACACACACACACACACA,930,,splice,0,1,0,0,0,,,0,,,,,,,,,,,,,,,,,,,,,12.4384,0.0718028,,,,,,,,,,1,,,,,,,,,,,,,,,,,
chr3,38581377,-,G,A,930NANA,c.2788-6C>T,930,,splice,0,0,0,35,3,,,0,,,,,,,,,,,,,,,,,,,,,12.4384,0.0718028,,,,,,,,,,35,,,,,,,,,,,,,,,,,
chr3,38575453,-,T,G,NANANA,c.3512-2A>C,,,splice,0,0,1,0,0,,,0,,,,,,,,,,,,,,,,,,,,,,,,,,,,,,,,1,,,,,,,,,,,,,,,,,
chr3,38622490,-,G,A,NANANA,c.393-1C>T,,,splice,0,1,0,0,0,,,0,,,,,,,,,,,,,,,,,,,,,,,,,,,,,,,,1,,,,,,,,,,,,,,,,,
chr3,38560146,-,C,A,NANANA,c.4245+1G>T,,,splice,0,1,0,0,0,,,0,,,,,,,,,,,,,,,,,,,,,,,,,,,,,,,,1,,,,,,,,,,,,,,,,,
