chrom,pos,ref,alt,codon,mutcodon,transcript,var,resnum,nativeAA,mutAA,mut_type,celltype,lqt3,brs1,unaff,other,pubids,center,gnomAD,gnomAD_seq,ipeak,vhalfact,vhalfinact,tauinact,recovfrominact,ilate,eaRate,blastpssm,pamscore,aasimilaritymat,ipeak_dist,ilate_dist,vhalfinact_dist,vhalfact_dist,recovfrominact_dist,prediction,pph2_prob,pph2_FPR,pph2_TPR,NeighborCount,NeighborVector,aa_pair_interaction6,aa_pair_interaction1,aaneigh_rank_sses,aaneigh,aaneighvector,provean_score,PREDICTION_provean,SIFT_score,PREDICTION_sift,total_carriers,aaneigh_rank_inc_loops,p_observed,w,p_empirical,p_variance_w,p_mean_w,feat_dist_w,feat_dist_weight_w,weight_r,alpha_1_w,beta_1_w,alpha_g,beta_g,brs1_penetrance,lqt3_penetrance,Function,Structure
chr3,38579440,G,A,TGG,TAG,1095WX,W1095X,1095,W,X,nonsense,0,0,4,0,0,,,0,,,,,,,,,,,,,,,,,,,,,,,,,,,,,,,,4,,,,,,,,,,,,,,,,,
chr3,38579439,G,A,TGG,TGA,1095WX,W1095X,1095,W,X,nonsense,0,0,4,0,0,,,0,,,,,,,,,,,,,,,,,,,,,,,,,,,,,,,,4,,,,,,,,,,,,,,,,,
chr3,38579411,G,T,GAG,TAG,1105EX,E1105X,1105,E,X,nonsense,0,1,0,0,0,,,0,,,,,,,,,,,,,,,,,,,,,,,,,,,,,,,,1,,,,,,,,,,,,,,,,,
chr3,38579405,G,T,GAG,TAG,1107EX,E1107X,1107,E,X,nonsense,0,1,0,0,0,,,0,,,,,,,,,,,,,,,,,,,,,,,,,,,,,,,,1,,,,,,,,,,,,,,,,,
chr3,38579390,C,T,CAG,TAG,1112QX,Q1112X,1112,Q,X,nonsense,0,0,1,0,0,,,0,,,,,,,,,,,,,,,,,,,,,,,,,,,,,,,,1,,,,,,,,,,,,,,,,,
chr3,38579380,G,A,TGG,TAG,1115WX,W1115X,1115,W,X,nonsense,0,0,1,0,0,,,0,,,,,,,,,,,,,,,,,,,,,,,,,,,,,,,,1,,,,,,,,,,,,,,,,,
chr3,38579379,G,A,TGG,TGA,1115WX,W1115X,1115,W,X,nonsense,0,0,1,0,0,,,0,,,,,,,,,,,,,,,,,,,,,,,,,,,,,,,,1,,,,,,,,,,,,,,,,,
chr3,38579372,C,T,CAG,TAG,1118QX,Q1118X,1118,Q,X,nonsense,0,0,5,4,0,,,0,,,,,,,,,,,,,,,,,,,,,,,,,,,,,,,,9,,,,,,,,,,,,,,,,,
chr3,38579340,C,A,TGC,TGA,1128CX,C1128X,1128,C,X,nonsense,0,0,0,0,0,,,1,205612,,,,,,,,,,,,,,,,,,,,,,,,,,,,,,,1,,,,,,,,,,,,,,,,,
chr3,38576718,G,T,GAG,TAG,1152EX,E1152X,1152,E,X,nonsense,0,0,2,2,0,,,0,,,,,,,,,,,,,,,,,,,,,,,,,,,,,,,,4,,,,,,,,,,,,,,,,,
chr3,38575391,G,A,TGG,TAG,1191WX,W1191X,1191,W,X,nonsense,1,0,2,2,0,,,0,,0,,,,,,,,,,,,,,,,,,,,,,,,,,,,,,4,,,,,,,,,,,,,,,,,
chr3,38575390,G,A,TGG,TGA,1191WX,W1191X,1191,W,X,nonsense,1,0,2,2,0,,,0,,0,,,,,,,,,,,,,,,,,,,,,,,,,,,,,,4,,,,,,,,,,,,,,,,,
chr3,38575388,G,A,TGG,TAG,1192WX,W1192X,1192,W,X,nonsense,0,0,1,0,0,,,0,,,,,,,,,,,,,,,,,,,,,,,,,,,,,,,,1,,,,,,,,,,,,,,,,,
chr3,38575387,G,A,TGG,TGA,1192WX,W1192X,1192,W,X,nonsense,0,0,1,0,0,,,0,,,,,,,,,,,,,,,,,,,,,,,,,,,,,,,,1,,,,,,,,,,,,,,,,,
chr3,38575341,G,T,GAG,TAG,1208EX,E1208X,1208,E,X,nonsense,0,0,2,0,0,,,0,,,,,,,,,,,,,,,,,,,,,5.20956,0.639202,,,,,,,,,,2,,,,,,,,,,,,,,,,,
chr3,38560287,G,T,GGA,TGA,1369GX,G1369X,1369,G,X,nonsense,0,1,0,0,0,,,0,,,,,,,,,,,,,,,,,,,,,,,,,,,,,,,,1,,,,,,,,,,,,,,,,,
chr3,38560245,C,T,CAG,TAG,1383QX,Q1383X,1383,Q,X,nonsense,0,0,1,0,0,,,0,,,,,,,,,,,,,,,,,,,,,6.73747,0.439553,,,,,,,,,,1,,,,,,,,,,,,,,,,,
chr3,38560210,C,A,TAC,TAA,1394YX,Y1394X,1394,Y,X,nonsense,0,0,1,0,0,,,0,,,,,,,,,,,,,,,,,,,,,7.50683,0.269423,,,,,,,,,,1,,,,,,,,,,,,,,,,,
chr3,38560210,C,G,TAC,TAG,1394YX,Y1394X,1394,Y,X,nonsense,0,0,1,0,0,,,0,,,,,,,,,,,,,,,,,,,,,7.50683,0.269423,,,,,,,,,,1,,,,,,,,,,,,,,,,,
chr3,38560165,C,A,TAC,TAA,1409YX,Y1409X,1409,Y,X,nonsense,0,0,1,0,0,,,0,,,,,,,,,,,,,,,,,,,,,10.412,0.328696,,,,,,,,,,1,,,,,,,,,,,,,,,,,
chr3,38560165,C,G,TAC,TAG,1409YX,Y1409X,1409,Y,X,nonsense,0,0,1,0,0,,,0,,,,,,,,,,,,,,,,,,,,,10.412,0.328696,,,,,,,,,,1,,,,,,,,,,,,,,,,,
chr3,38557268,G,A,TGG,TAG,1421WX,W1421X,1421,W,X,nonsense,0,0,0,0,1,,,0,,,,,,,,,,,,,,,,,,,,,11.771,0.170806,,,,,,,,,,0,,,,,,,,,,,,,,,,,
chr3,38557267,G,A,TGG,TGA,1421WX,W1421X,1421,W,X,nonsense,0,0,0,0,1,,,0,,,,,,,,,,,,,,,,,,,,,11.771,0.170806,,,,,,,,,,0,,,,,,,,,,,,,,,,,
chr3,38556576,T,A,TAT,TAA,1434YX,Y1434X,1434,Y,X,nonsense,0,0,1,0,0,,,0,,,,,,,,,,,,,,,,,,,,,6.40054,0.408623,,,,,,,,,,1,,,,,,,,,,,,,,,,,
chr3,38556576,T,G,TAT,TAG,1434YX,Y1434X,1434,Y,X,nonsense,0,0,1,0,0,,,0,,,,,,,,,,,,,,,,,,,,,6.40054,0.408623,,,,,,,,,,1,,,,,,,,,,,,,,,,,
chr3,38556559,G,A,TGG,TAG,1440WX,W1440X,1440,W,X,nonsense,0,0,1,0,0,,,0,,,,,,,,,,,,,,,,,,,,,6.24251,0.479864,,,,,,,,,,1,,,,,,,,,,,,,,,,,
chr3,38556558,G,A,TGG,TGA,1440WX,W1440X,1440,W,X,nonsense,0,0,1,0,0,,,0,,,,,,,,,,,,,,,,,,,,,6.24251,0.479864,,,,,,,,,,1,,,,,,,,,,,,,,,,,
chr3,38556452,C,T,CAG,TAG,1476GX,G1476X,1476,G,X,nonsense,0,0,1,0,0,,,0,,,,,,,,,,,,,,,,,,,,,11.4919,0.0950372,,,,,,,,,,1,,,,,,,,,,,,,,,,,
chr3,38556452,C,T,CAG,TAG,1476QX,Q1476X,1476,Q,X,nonsense,0,0,2,0,0,,,0,,,,,,,,,,,,,,,,,,,,,11.4919,0.0950372,,,,,,,,,,2,,,,,,,,,,,,,,,,,
chr3,38555721,A,T,AAG,TAG,1493KX,K1493X,1493,K,X,nonsense,0,0,2,0,0,,,0,,,,,,,,,,,,,,,,,,,,,10.9806,0.076037,,,,,,,,,,2,,,,,,,,,,,,,,,,,
chr3,38555713,C,A,TAC,TAA,1495YX,Y1495X,1495,Y,X,nonsense,0,0,0,0,8,,,0,,,,,,,,,,,,,,,,,,,,,8.30626,0.345735,,,,,,,,,,0,,,,,,,,,,,,,,,,,
chr3,38555713,C,G,TAC,TAG,1495YX,Y1495X,1495,Y,X,nonsense,0,0,0,0,8,,,0,,,,,,,,,,,,,,,,,,,,,8.30626,0.345735,,,,,,,,,,0,,,,,,,,,,,,,,,,,
chr3,38622415,G,A,TGG,TAG,156WX,W156X,156,W,X,nonsense,0,0,2,1,1,,,0,,0,,,,,,,,,,,,,,,,,,,4.38712,0.506276,,,,,,,,,,3,,,,,,,,,,,,,,,,,
chr3,38622414,G,A,TGG,TGA,156WX,W156X,156,W,X,nonsense,0,0,2,1,1,,,0,,0,,,,,,,,,,,,,,,,,,,4.38712,0.506276,,,,,,,,,,3,,,,,,,,,,,,,,,,,
chr3,38554320,G,A,TGG,TAG,1591WX,W1591X,1591,W,X,nonsense,0,0,1,0,0,,,0,,,,,,,,,,,,,,,,,,,,,8.47583,0.242479,,,,,,,,,,1,,,,,,,,,,,,,,,,,
chr3,38554319,G,A,TGG,TGA,1591WX,W1591X,1591,W,X,nonsense,0,0,1,0,0,,,0,,,,,,,,,,,,,,,,,,,,,8.47583,0.242479,,,,,,,,,,1,,,,,,,,,,,,,,,,,
chr3,38622405,T,A,TAT,TAA,159YX,Y159X,159,Y,X,nonsense,0,0,1,0,0,,,0,,,,,,,,,,,,,,,,,,,,,5.21411,0.648002,,,,,,,,,,1,,,,,,,,,,,,,,,,,
chr3,38622405,T,G,TAT,TAG,159YX,Y159X,159,Y,X,nonsense,0,0,1,0,0,,,0,,,,,,,,,,,,,,,,,,,,,5.21411,0.648002,,,,,,,,,,1,,,,,,,,,,,,,,,,,
chr3,38551527,C,A,TAC,TAA,1615YX,Y1615X,1615,Y,X,nonsense,0,0,1,0,0,,,0,,,,,,,,,,,,,,,,,,,,,4.18455,0.717353,,,,,,,,,,1,,,,,,,,,,,,,,,,,
chr3,38551527,C,G,TAC,TAG,1615YX,Y1615X,1615,Y,X,nonsense,0,0,1,0,0,,,0,,,,,,,,,,,,,,,,,,,,,4.18455,0.717353,,,,,,,,,,1,,,,,,,,,,,,,,,,,
chr3,38551505,C,T,CGA,TGA,1623RX,R1623X,1623,R,X,nonsense,0,0,5,6,2,,,0,,0,,,,,,,,,,,,,,,,,,,9.58294,0.238685,,,,,,,,,,11,,,,,,,,,,,,,,,,,
chr3,38551487,C,T,CGA,TGA,1629RX,R1629X,1629,R,X,nonsense,0,1,2,1,0,,,2,251298,0.00917782,,,,,,,,,,,,,,,,,,,11.3717,0.0816769,,,,,,,,,,6,,,,,,,,,,,,,,,,,
chr3,38551460,C,T,CGA,TGA,1638RX,R1638X,1638,R,X,nonsense,3,0,3,0,0,,,2,251440,0,,,,,,,,,,,,,,,,,,,5.76904,0.486778,,,,,,,,,,5,,,,,,,,,,,,,,,,,
chr3,38551289,C,T,CAG,TAG,1695QX,Q1695X,1695,Q,X,nonsense,0,0,3,0,1,,,0,,,,,,,,,,,,,,,,,,,,,9.35882,0.329376,,,,,,,,,,3,,,,,,,,,,,,,,,,,
chr3,38551022,G,T,GAG,TAG,1784EX,E1784X,1784,E,X,nonsense,0,0,0,0,0,,,1,251008,,,,,,,,,,,,,,,,,,,,7.79246,0.275714,,,,,,,,,,1,,,,,,,,,,,,,,,,,
chr3,38550979,G,A,TGG,TAG,1798WX,W1798X,1798,W,X,nonsense,0,1,0,0,0,,,0,,,,,,,,,,,,,,,,,,,,,11.975,0.112359,,,,,,,,,,1,,,,,,,,,,,,,,,,,
chr3,38550978,G,A,TGG,TGA,1798WX,W1798X,1798,W,X,nonsense,0,1,0,0,0,,,0,,,,,,,,,,,,,,,,,,,,,11.975,0.112359,,,,,,,,,,1,,,,,,,,,,,,,,,,,
chr3,38620919,C,T,CGA,TGA,179RX,R179X,179,R,X,nonsense,1,1,3,0,0,,,1,248622,0,,,,,,,,,,,,,,,,,,,9.1436,0.3863,,,,,,,,,,5,,,,,,,,,,,,,,,,,
chr3,38550939,T,A,TAT,TAA,1811YX,Y1811X,1811,Y,X,nonsense,0,1,0,0,0,,,0,,,,,,,,,,,,,,,,,,,,,8.46511,0.369444,,,,,,,,,,1,,,,,,,,,,,,,,,,,
chr3,38550939,T,G,TAT,TAG,1811YX,Y1811X,1811,Y,X,nonsense,0,1,0,0,0,,,0,,,,,,,,,,,,,,,,,,,,,8.46511,0.369444,,,,,,,,,,1,,,,,,,,,,,,,,,,,
chr3,38550937,C,A,TCG,TAG,1812SX,S1812X,1812,S,X,nonsense,0,0,2,1,0,,,0,,,,,,,,,,,,,,,,,,,,,5.14818,0.672543,,,,,,,,,,3,,,,,,,,,,,,,,,,,
chr3,38550560,G,T,GAA,TAA,1938EX,E1938X,1938,E,X,nonsense,0,0,0,0,0,,,1,248664,,,,,,,,,,,,,,,,,,,,,,,,,,,,,,,1,,,,,,,,,,,,,,,,,
chr3,38620876,G,A,TGG,TAG,193WX,W193X,193,W,X,nonsense,0,0,1,0,0,,,0,,,,,,,,,,,,,,,,,,,,,6.60325,0.447261,,,,,,,,,,1,,,,,,,,,,,,,,,,,
chr3,38620875,G,A,TGG,TGA,193WX,W193X,193,W,X,nonsense,0,0,1,0,0,,,0,,,,,,,,,,,,,,,,,,,,,6.60325,0.447261,,,,,,,,,,1,,,,,,,,,,,,,,,,,
chr3,38550542,C,T,CGA,TGA,1944RX,R1944X,1944,R,X,nonsense,0,0,0,0,1,,,4,279424,,,,,,,,,,,,,,,,,,,,,,,,,,,,,,,4,,,,,,,,,,,,,,,,,
chr3,38550500,C,T,CGA,TGA,1958RX,R1958X,1958,R,X,nonsense,0,2,0,0,0,,,13,276598,0.593,6.1,1.8,1.306707629,,,,,,,,,,,,,,,,,,,,,,,,,,,15,,,,,,,,,,,,,,,,,
chr3,38550387,C,A,TAC,TAA,1995YX,Y1995X,1995,Y,X,nonsense,0,0,0,0,0,,,1,206774,,,,,,,,,,,,,,,,,,,,,,,,,,,,,,,1,,,,,,,,,,,,,,,,,
chr3,38550387,C,G,TAC,TAG,1995YX,Y1995X,1995,Y,X,nonsense,0,0,0,0,0,,,1,206774,,,,,,,,,,,,,,,,,,,,,,,,,,,,,,,1,,,,,,,,,,,,,,,,,
chr3,38613831,C,A,TAC,TAA,205YX,Y205X,205,Y,X,nonsense,0,0,0,0,1,,,1,31400,,,,,,,,,,,,,,,,,,,,8.56607,0.40976,,,,,,,,,,1,,,,,,,,,,,,,,,,,
chr3,38613831,C,G,TAC,TAG,205YX,Y205X,205,Y,X,nonsense,0,0,0,0,1,,,1,31400,,,,,,,,,,,,,,,,,,,,8.56607,0.40976,,,,,,,,,,1,,,,,,,,,,,,,,,,,
chr3,38613799,C,A,TCA,TAA,216SX,S216X,216,S,X,nonsense,0,0,0,0,0,,,2,228108,,,,,,,,,,,,,,,,,,,,7.02494,0.429806,,,,,,,,,,2,,,,,,,,,,,,,,,,,
chr3,38613799,C,G,TCA,TGA,216SX,S216X,216,S,X,nonsense,0,0,0,0,0,,,2,228108,,,,,,,,,,,,,,,,,,,,7.02494,0.429806,,,,,,,,,,2,,,,,,,,,,,,,,,,,
chr3,38613782,C,T,CGA,TGA,222RX,R222X,222,R,X,nonsense,3,1,33,19,0,,,0,,0,,,,,,,,,,,,,,,,,,,10.9123,0.215257,,,,,,,,,,53,,,,,,,,,,,,,,,,,
chr3,38609923,A,T,AAG,TAG,249KX,K249X,249,K,X,nonsense,0,0,1,0,0,,,0,,,,,,,,,,,,,,,,,,,,,9.47563,0.342094,,,,,,,,,,1,,,,,,,,,,,,,,,,,
chr3,38606773,G,T,GAG,TAG,346EX,E346X,346,E,X,nonsense,0,0,1,0,0,,,0,,,,,,,,,,,,,,,,,,,,,6.16069,0.381352,,,,,,,,,,1,,,,,,,,,,,,,,,,,
chr3,38606773,G,T,GAG,TAG,346GX,G346X,346,G,X,nonsense,0,0,1,0,0,,,0,,,,,,,,,,,,,,,,,,,,,6.16069,0.381352,,,,,,,,,,1,,,,,,,,,,,,,,,,,
chr3,38606122,C,A,TAC,TAA,389YX,Y389X,389,Y,X,nonsense,0,1,0,0,0,,,0,,,,,,,,,,,,,,,,,,,,,10.8301,0.149319,,,,,,,,,,1,,,,,,,,,,,,,,,,,
chr3,38606122,C,G,TAC,TAG,389YX,Y389X,389,Y,X,nonsense,0,1,0,0,0,,,0,,,,,,,,,,,,,,,,,,,,,10.8301,0.149319,,,,,,,,,,1,,,,,,,,,,,,,,,,,
chr3,38606034,C,T,CAA,TAA,419QX,Q419X,419,Q,X,nonsense,0,0,1,0,0,,,0,,,,,,,,,,,,,,,,,,,,,11.6238,0.124827,,,,,,,,,,1,,,,,,,,,,,,,,,,,
chr3,38633181,C,T,CGA,TGA,43RX,R43X,43,R,X,nonsense,0,0,1,0,0,,,0,,,,,,,,,,,,,,,,,,,,,,,,,,,,,,,,1,,,,,,,,,,,,,,,,,
chr3,38604830,G,T,GAG,TAG,473EX,E473X,473,E,X,nonsense,1,0,1,0,0,,,0,,0,,,,,,,,,,,,,,,,,,,,,,,,,,,,,,1,,,,,,,,,,,,,,,,,
chr3,38603999,C,T,CGA,TGA,535RX,R535X,535,R,X,nonsense,1,1,7,4,4,,,1,247858,0,,,,,,,,,,,,,,,,,,,,,,,,,,,,,,13,,,,,,,,,,,,,,,,,
chr3,38603945,G,T,GAG,TAG,553EX,E553X,553,E,X,nonsense,0,0,1,0,0,,,0,,,,,,,,,,,,,,,,,,,,,,,,,,,,,,,,1,,,,,,,,,,,,,,,,,
chr3,38633145,C,T,CAG,TAG,55QX,Q55X,55,Q,X,nonsense,1,0,1,2,1,,,0,,0,,,,,,,,,,,,,,,,,,,,,,,,,,,,,,3,,,,,,,,,,,,,,,,,
chr3,38603885,C,T,CAG,TAG,573QX,Q573X,573,Q,X,nonsense,0,0,1,0,1,,,0,,,,,,,,,,,,,,,,,,,,,,,,,,,,,,,,1,,,,,,,,,,,,,,,,,
chr3,38598981,G,T,GAG,TAG,654EX,E654X,654,E,X ,nonsense,0,0,1,0,0,,,0,,,,,,,,,,,,,,,,,,,,,,,,,,,,,,,,1,,,,,,,,,,,,,,,,,
chr3,38597899,G,T,GAG,TAG,698EX,E698X,698,E,X,nonsense,0,0,1,0,0,,,0,,,,,,,,,,,,,,,,,,,,,,,,,,,,,,,,1,,,,,,,,,,,,,,,,,
chr3,38633091,C,T,CAA,TAA,73QX,Q73X,73,Q,X,nonsense,0,1,1,0,0,,,0,,,,,,,,,,,,,,,,,,,,,,,,,,,,,,,,2,,,,,,,,,,,,,,,,,
chr3,38587501,C,T,CAG,TAG,779QX,Q779X,779,Q,X,nonsense,0,0,4,0,0,,,0,,,,,,,,,,,,,,,,,,,,,6.93776,0.475703,,,,,,,,,,4,,,,,,,,,,,,,,,,,
chr3,38587494,G,A,TGG,TAG,781WX,W781X,781,W,X,nonsense,0,0,6,2,3,,,0,,,,,,,,,,,,,,,,,,,,,7.22066,0.355149,,,,,,,,,,8,,,,,,,,,,,,,,,,,
chr3,38587493,G,A,TGG,TGA,781WX,W781X,781,W,X,nonsense,0,0,6,2,3,,,0,,,,,,,,,,,,,,,,,,,,,7.22066,0.355149,,,,,,,,,,8,,,,,,,,,,,,,,,,,
chr3,38586013,G,A,TGG,TAG,822WX,W822X,822,W,X,nonsense,1,0,4,2,2,,,0,,0,,,,,,,,,,,,,,,,,,,8.69376,0.362435,,,,,,,,,,6,,,,,,,,,,,,,,,,,
chr3,38586012,G,A,TGG,TGA,822WX,W822X,822,W,X,nonsense,1,0,4,2,2,,,0,,0,,,,,,,,,,,,,,,,,,,8.69376,0.362435,,,,,,,,,,6,,,,,,,,,,,,,,,,,
chr3,38585879,G,T,GAG,TAG,867EX,E867X,867,E,X,nonsense,0,0,5,2,0,,,0,,,,,,,,,,,,,,,,,,,,,5.5038,0.598535,,,,,,,,,,7,,,,,,,,,,,,,,,,,
chr3,38585879,G,T,GAG,TAG,867LX,L867X,867,L,X,nonsense,0,0,1,0,0,,,0,,,,,,,,,,,,,,,,,,,,,5.5038,0.598535,,,,,,,,,,1,,,,,,,,,,,,,,,,,
chr3,38585767,G,A,TGG,TAG,904WX,W904X,904,W,X,nonsense,0,0,1,0,0,,,0,,,,,,,,,,,,,,,,,,,,,10.5044,0.144549,,,,,,,,,,1,,,,,,,,,,,,,,,,,
chr3,38585766,G,A,TGG,TGA,904WX,W904X,904,W,X,nonsense,0,0,1,0,0,,,0,,,,,,,,,,,,,,,,,,,,,10.5044,0.144549,,,,,,,,,,1,,,,,,,,,,,,,,,,,
